;Кол-во;Мощность;Суммарная мощность;Время цикла;Кол-во циклов;Потребляемый ток;Питающее напряжение;;;;;;;;Один день из жизни офиса (8 часов рабочий день);;;;;;t;M;T;
;шт;кВт;кВт;сек;шт;А;В;;Время, мин;Мощность, кВт;МСК;;;;Время, мин;Мощность, кВт;МСК;;;;время, мин;Мощность;МСК;
;Офис;;;;;;;;0;0;8:00;;;;0;0;8:00;;;;0;0,0475;0:00;0,05 кВт - максимальное потребление всех устройств хаты в идл режиме
Компьютер;5;0,3;1,5;28800;1;1,36;220;;1;0,1;8:01;Включение освещения;;;1;0,1;8:01;;;;1;0,047;0:01;
Принтер;2;0,045;0,09;120;7;0,2;220;;2;0,1;8:02;;;;2;0,1;8:02;;;;2;0,047;0:02;
Шредер;5;0,15;0,75;10;100;0,68;220;;3;0,1;8:03;;;;3;0,1;8:03;;;;3;0,044;0:03;
Освещение;5;0,1;0,5;32400;1;0,45;220;;4;0,1;8:04;;;;4;0,1;8:04;;;;4;0,0435;0:04;
;Дом;;;;;;;;5;0,1;8:05;;;;5;0,1;8:05;;;;5;0,0455;0:05;
Свет;3;0,05;0,15;7200;1;0,23;220;;6;0,4;8:06;Начало включение компов;;;6;0,4;8:06;;;;6;0,0495;0:06;
Чайник;1;2;2;300;5;9,09;220;;7;0,4;8:07;;;;7;0,4;8:07;;;;7;0,0465;0:07;
Микроволновая печь;1;1,5;1,5;180;3;6,82;220;;8;0,4;8:08;;;;8;0,4;8:08;;;;8;0,05;0:08;
Электроплита;1;5;5;3600;2;22,73;220;;9;0,4;8:09;;;;9;0,4;8:09;;;;9;0,05;0:09;
Стиральная машина;1;2;2;4800;1;9,09;220;;10;0,4;8:10;;;;10;0,4;8:10;;;;10;0,735;0:10;холодос включился на 10 минут
;Производство (абстракция);;;;;;;;11;0,7;8:11;;;;11;0,7;8:11;;;;11;0,645;0:11;
Асинхронный двигатель;7;15;105;43200;1;39,47;380;;12;0,7;8:12;;;;12;0,7;8:12;;;;12;0,7275;0:12;
Синхронный двигатель;1;110;110;43200;1;289,47;380;;13;0,7;8:13;;;;13;0,7;8:13;;;;13;0,66;0:13;
Токарный станок;3;16,45;49,35;900;25;43,29;380;;14;0,7;8:14;;;;14;0,7;8:14;;;;14;0,7425;0:14;
Станок с ЧПУ;2;12;24;1000;35;31,58;380;;15;0,7;8:15;;;;15;0,7;8:15;;;;15;0,7125;0:15;
Плазменный резак;1;17;17;600;70;44,74;380;;16;1;8:16;;;;16;1;8:16;;;;16;0,705;0:16;
Конвейер;1;30;30;43200;1;78,95;380;;17;1;8:17;;;;17;1;8:17;;;;17;0,75;0:17;
Пресс гидравлический (500 т);2;55;110;600;70;144,74;380;;18;1;8:18;;;;18;1;8:18;;;;18;0,705;0:18;
;;;;;;;;;19;1;8:19;;;;19;1;8:19;;;;19;0,735;0:19;
;;;;;;;;;20;1;8:20;;;;20;1;8:20;;;;20;0,69;0:20;холодос в идл режиме
;;;;;;;;;21;1,3;8:21;;;;21;1,3;8:21;;;;21;0,0485;0:21;
;;;;;;;;;22;1,3;8:22;;;;22;1,3;8:22;;;;22;0,0495;0:22;
;;;;;;;;;23;1,3;8:23;;;;23;1,3;8:23;;;;23;0,044;0:23;
;;;;;;;;;24;1,3;8:24;;;;24;1,3;8:24;;;;24;0,048;0:24;
;;;;;;;;;25;1,3;8:25;;;;25;1,3;8:25;;;;25;0,049;0:25;
;;;;;;;;;26;1,6;8:26;;;;26;1,392;8:26;;;;26;0,045;0:26;
;;;;;;;;;27;1,6;8:27;;;;27;1,456;8:27;;;;27;0,049;0:27;
;;;;;;;;;28;1,6;8:28;;;;28;1,04;8:28;;;;28;0,0465;0:28;
;;;;;;;;;29;1,6;8:29;;;;29;0,72;8:29;;;;29;0,049;0:29;
;;;;;;;;;30;1,6;8:30;Все компы включены;;;30;0,688;8:30;;;;30;0,046;0:30;
;;;;;;;;;31;1,6;8:31;;;;31;0,736;8:31;;;;31;0,0465;0:31;
;;;;;;;;;32;1,6;8:32;;;;32;0,96;8:32;;;;32;0,048;0:32;
;;;;;;;;;33;1,6;8:33;;;;33;1,104;8:33;;;;33;0,045;0:33;
;;;;;;;;;34;1,6;8:34;;;;34;1,392;8:34;;;;34;0,047;0:34;
;;;;;;;;;35;1,6;8:35;;;;35;0,928;8:35;;;;35;0,048;0:35;
;;;;;;;;;36;1,6;8:36;;;;36;1,072;8:36;;;;36;0,044;0:36;
;;;;;;;;;37;1,645;8:37;Запуск печать 1;;;37;1,645;8:37;;;;37;0,045;0:37;
;;;;;;;;;38;1,645;8:38;конец печать 1;;;38;1,645;8:38;;;;38;0,044;0:38;
;;;;;;;;;39;1,6;8:39;;;;39;1,2;8:39;;;;39;0,0475;0:39;
;;;;;;;;;40;1,6;8:40;;;;40;0,72;8:40;;;;40;0,0475;0:40;
;;;;;;;;;41;1,6;8:41;;;;41;1,12;8:41;;;;41;0,0485;0:41;
;;;;;;;;;42;1,6;8:42;;;;42;1,2;8:42;;;;42;0,0495;0:42;
;;;;;;;;;43;2,05;8:43;Запуск печать 2;;;43;2,05;8:43;;;;43;0,043;0:43;
;;;;;;;;;44;2,5;8:44;Запуск печать 3, конец печать 2;;;44;2,5;8:44;;;;44;0,05;0:44;
;;;;;;;;;45;2,05;8:45;Конец печать 3;;;45;2,05;8:45;;;;45;0,0465;0:45;
;;;;;;;;;46;1,6;8:46;;;;46;0,992;8:46;;;;46;0,049;0:46;
;;;;;;;;;47;1,6;8:47;;;;47;0,864;8:47;;;;47;0,049;0:47;
;;;;;;;;;48;1,6;8:48;;;;48;0,864;8:48;;;;48;0,0445;0:48;
;;;;;;;;;49;1,6;8:49;;;;49;1,056;8:49;;;;49;0,0445;0:49;
;;;;;;;;;50;1,6;8:50;;;;50;0,88;8:50;;;;50;0,0475;0:50;
;;;;;;;;;51;1,6;8:51;;;;51;0,816;8:51;;;;51;0,046;0:51;
;;;;;;;;;52;1,6;8:52;;;;52;0,944;8:52;;;;52;0,05;0:52;
;;;;;;;;;53;1,75;8:53;Цикл шредера 1-12;;;53;1,75;8:53;;;;53;0,0445;0:53;
;;;;;;;;;54;1,75;8:54;;;;54;1,75;8:54;;;;54;0,0485;0:54;
;;;;;;;;;55;1,6;8:55;;;;55;1,184;8:55;;;;55;0,0435;0:55;
;;;;;;;;;56;1,6;8:56;;;;56;1,392;8:56;;;;56;0,044;0:56;
;;;;;;;;;57;1,6;8:57;;;;57;0,928;8:57;;;;57;0,0475;0:57;
;;;;;;;;;58;1,6;8:58;;;;58;1,04;8:58;;;;58;0,0495;0:58;
;;;;;;;;;59;1,6;8:59;;;;59;1,408;8:59;;;;59;0,048;0:59;
;;;;;;;;;60;1,6;9:00;;;;60;0,688;9:00;;;;60;0,6675;1:00;холодос на 10 минут
;;;;;;;;;61;1,6;9:01;;;;61;1,392;9:01;;;;61;0,69;1:01;
;;;;;;;;;62;1,6;9:02;;;;62;1,2;9:02;;;;62;0,6525;1:02;
;;;;;;;;;63;2,5;9:03;Печать на двух принтерах 4, 5;;;63;2,5;9:03;;;;63;0,645;1:03;
;;;;;;;;;64;2,5;9:04;Конец печать 4, 5;;;64;2,5;9:04;;;;64;0,66;1:04;
;;;;;;;;;65;1,6;9:05;;;;65;0,848;9:05;;;;65;0,705;1:05;
;;;;;;;;;66;1,6;9:06;;;;66;1,088;9:06;;;;66;0,69;1:06;
;;;;;;;;;67;1,6;9:07;;;;67;1,248;9:07;;;;67;0,66;1:07;
;;;;;;;;;68;1,6;9:08;;;;68;1,488;9:08;;;;68;0,6825;1:08;
;;;;;;;;;69;1,6;9:09;;;;69;1,456;9:09;;;;69;0,675;1:09;
;;;;;;;;;70;1,6;9:10;;;;70;1,232;9:10;;;;70;0,6675;1:10;холодос в идл режиме
;;;;;;;;;71;1,6;9:11;;;;71;1,312;9:11;;;;71;0,047;1:11;
;;;;;;;;;72;1,6;9:12;;;;72;0,976;9:12;;;;72;0,044;1:12;
;;;;;;;;;73;1,6;9:13;;;;73;1,472;9:13;;;;73;0,0445;1:13;
;;;;;;;;;74;1,6;9:14;;;;74;0,704;9:14;;;;74;0,044;1:14;
;;;;;;;;;75;1,6;9:15;;;;75;1,392;9:15;;;;75;0,043;1:15;
;;;;;;;;;76;1,6;9:16;;;;76;1,248;9:16;;;;76;0,044;1:16;
;;;;;;;;;77;1,6;9:17;;;;77;1,408;9:17;;;;77;0,043;1:17;
;;;;;;;;;78;1,6;9:18;;;;78;1,264;9:18;;;;78;0,0445;1:18;
;;;;;;;;;79;1,6;9:19;;;;79;0,816;9:19;;;;79;0,049;1:19;
;;;;;;;;;80;1,6;9:20;;;;80;0,656;9:20;;;;80;0,046;1:20;
;;;;;;;;;81;1,6;9:21;;;;81;1,152;9:21;;;;81;0,047;1:21;
;;;;;;;;;82;1,6;9:22;;;;82;1,088;9:22;;;;82;0,0455;1:22;
;;;;;;;;;83;1,6;9:23;;;;83;1,328;9:23;;;;83;0,0435;1:23;
;;;;;;;;;84;1,6;9:24;;;;84;1,136;9:24;;;;84;0,044;1:24;
;;;;;;;;;85;1,6;9:25;;;;85;0,88;9:25;;;;85;0,046;1:25;
;;;;;;;;;86;1,6;9:26;;;;86;0,784;9:26;;;;86;0,045;1:26;
;;;;;;;;;87;1,6;9:27;;;;87;1,392;9:27;;;;87;0,05;1:27;
;;;;;;;;;88;1,6;9:28;;;;88;1,088;9:28;;;;88;0,049;1:28;
;;;;;;;;;89;1,6;9:29;;;;89;1,088;9:29;;;;89;0,044;1:29;
;;;;;;;;;90;1,6;9:30;;;;90;0,656;9:30;;;;90;0,044;1:30;
;;;;;;;;;91;1,6;9:31;;;;91;0,672;9:31;;;;91;0,0485;1:31;
;;;;;;;;;92;1,6;9:32;;;;92;1,072;9:32;;;;92;0,0495;1:32;
;;;;;;;;;93;1,6;9:33;;;;93;0,736;9:33;;;;93;0,0455;1:33;
;;;;;;;;;94;1,6;9:34;;;;94;1,136;9:34;;;;94;0,05;1:34;
;;;;;;;;;95;1,6;9:35;;;;95;1,056;9:35;;;;95;0,049;1:35;
;;;;;;;;;96;1,6;9:36;;;;96;1,072;9:36;;;;96;0,0485;1:36;
;;;;;;;;;97;1,6;9:37;;;;97;1,488;9:37;;;;97;0,045;1:37;
;;;;;;;;;98;1,6;9:38;;;;98;1,408;9:38;;;;98;0,047;1:38;
;;;;;;;;;99;1,6;9:39;;;;99;0,88;9:39;;;;99;0,0495;1:39;
;;;;;;;;;100;1,6;9:40;;;;100;1,344;9:40;;;;100;0,05;1:40;
;;;;;;;;;101;1,6;9:41;;;;101;1,296;9:41;;;;101;0,043;1:41;
;;;;;;;;;102;1,6;9:42;;;;102;1,136;9:42;;;;102;0,0455;1:42;
;;;;;;;;;103;1,6;9:43;;;;103;1,088;9:43;;;;103;0,045;1:43;
;;;;;;;;;104;1,6;9:44;;;;104;1,104;9:44;;;;104;0,0495;1:44;
;;;;;;;;;105;1,6;9:45;;;;105;0,688;9:45;;;;105;0,0465;1:45;
;;;;;;;;;106;1,6;9:46;;;;106;1,36;9:46;;;;106;0,046;1:46;
;;;;;;;;;107;1,6;9:47;;;;107;0,72;9:47;;;;107;0,0495;1:47;
;;;;;;;;;108;1,6;9:48;;;;108;0,768;9:48;;;;108;0,0495;1:48;
;;;;;;;;;109;1,6;9:49;;;;109;1,12;9:49;;;;109;0,05;1:49;
;;;;;;;;;110;1,6;9:50;;;;110;0,752;9:50;;;;110;0,7275;1:50;холодос на 10 минут
;;;;;;;;;111;1,6;9:51;;;;111;0,64;9:51;;;;111;0,705;1:51;
;;;;;;;;;112;1,6;9:52;;;;112;0,944;9:52;;;;112;0,7125;1:52;
;;;;;;;;;113;1,6;9:53;;;;113;1,152;9:53;;;;113;0,6825;1:53;
;;;;;;;;;114;1,6;9:54;;;;114;1,36;9:54;;;;114;0,675;1:54;
;;;;;;;;;115;1,6;9:55;;;;115;0,8;9:55;;;;115;0,7425;1:55;
;;;;;;;;;116;1,6;9:56;;;;116;0,912;9:56;;;;116;0,6525;1:56;
;;;;;;;;;117;1,6;9:57;;;;117;1,232;9:57;;;;117;0,675;1:57;
;;;;;;;;;118;1,6;9:58;;;;118;1,376;9:58;;;;118;0,7125;1:58;
;;;;;;;;;119;1,6;9:59;;;;119;1,216;9:59;;;;119;0,69;1:59;
;;;;;;;;;120;1,6;10:00;;;;120;0,656;10:00;;;;120;0,675;2:00;холодос в идл режиме
;;;;;;;;;121;1,6;10:01;;;;121;1,12;10:01;;;;121;0,05;2:01;
;;;;;;;;;122;1,6;10:02;;;;122;1,232;10:02;;;;122;0,0475;2:02;
;;;;;;;;;123;1,6;10:03;;;;123;1,392;10:03;;;;123;0,045;2:03;
;;;;;;;;;124;1,6;10:04;;;;124;0,816;10:04;;;;124;0,044;2:04;
;;;;;;;;;125;1,6;10:05;;;;125;0,768;10:05;;;;125;0,046;2:05;
;;;;;;;;;126;1,6;10:06;;;;126;0,816;10:06;;;;126;0,045;2:06;
;;;;;;;;;127;1,6;10:07;;;;127;1,056;10:07;;;;127;0,044;2:07;
;;;;;;;;;128;1,6;10:08;;;;128;0,688;10:08;;;;128;0,044;2:08;
;;;;;;;;;129;1,6;10:09;;;;129;0,928;10:09;;;;129;0,047;2:09;
;;;;;;;;;130;1,6;10:10;;;;130;1,136;10:10;;;;130;0,045;2:10;
;;;;;;;;;131;1,6;10:11;;;;131;1,12;10:11;;;;131;0,0475;2:11;
;;;;;;;;;132;1,645;10:12;Печать 6;;;132;1,645;10:12;;;;132;0,05;2:12;
;;;;;;;;;133;1,645;10:13;конец печать 6;;;133;1,645;10:13;;;;133;0,0445;2:13;
;;;;;;;;;134;1,6;10:14;;;;134;1,456;10:14;;;;134;0,0435;2:14;
;;;;;;;;;135;1,6;10:15;;;;135;0,672;10:15;;;;135;0,048;2:15;
;;;;;;;;;136;1,6;10:16;;;;136;1,504;10:16;;;;136;0,043;2:16;
;;;;;;;;;137;1,6;10:17;;;;137;1,2;10:17;;;;137;0,0495;2:17;
;;;;;;;;;138;1,6;10:18;;;;138;1,2;10:18;;;;138;0,0455;2:18;
;;;;;;;;;139;1,6;10:19;;;;139;0,96;10:19;;;;139;0,0475;2:19;
;;;;;;;;;140;1,6;10:20;;;;140;1,2;10:20;;;;140;0,0465;2:20;
;;;;;;;;;141;1,6;10:21;;;;141;1,296;10:21;;;;141;0,0465;2:21;
;;;;;;;;;142;1,6;10:22;;;;142;1,072;10:22;;;;142;0,049;2:22;
;;;;;;;;;143;1,6;10:23;;;;143;1,008;10:23;;;;143;0,05;2:23;
;;;;;;;;;144;1,6;10:24;;;;144;0,848;10:24;;;;144;0,049;2:24;
;;;;;;;;;145;1,6;10:25;;;;145;1,44;10:25;;;;145;0,049;2:25;
;;;;;;;;;146;1,6;10:26;;;;146;1,12;10:26;;;;146;0,05;2:26;
;;;;;;;;;147;1,6;10:27;;;;147;1,04;10:27;;;;147;0,0495;2:27;
;;;;;;;;;148;1,6;10:28;;;;148;0,976;10:28;;;;148;0,044;2:28;
;;;;;;;;;149;1,6;10:29;;;;149;0,752;10:29;;;;149;0,0485;2:29;
;;;;;;;;;150;1,6;10:30;;;;150;0,8;10:30;;;;150;0,0465;2:30;
;;;;;;;;;151;1,6;10:31;;;;151;1,248;10:31;;;;151;0,0465;2:31;
;;;;;;;;;152;1,6;10:32;;;;152;1,392;10:32;;;;152;0,047;2:32;
;;;;;;;;;153;1,6;10:33;;;;153;1,072;10:33;;;;153;0,0485;2:33;
;;;;;;;;;154;1,6;10:34;;;;154;1,296;10:34;;;;154;0,048;2:34;
;;;;;;;;;155;1,6;10:35;;;;155;0,752;10:35;;;;155;0,0485;2:35;
;;;;;;;;;156;1,6;10:36;;;;156;0,896;10:36;;;;156;0,045;2:36;
;;;;;;;;;157;1,6;10:37;;;;157;1,024;10:37;;;;157;0,0445;2:37;
;;;;;;;;;158;1,6;10:38;;;;158;1,264;10:38;;;;158;0,045;2:38;
;;;;;;;;;159;1,6;10:39;;;;159;1,392;10:39;;;;159;0,0445;2:39;
;;;;;;;;;160;1,6;10:40;;;;160;0,72;10:40;;;;160;0,705;2:40;холодос на 10 минут
;;;;;;;;;161;1,6;10:41;;;;161;0,944;10:41;;;;161;0,7425;2:41;
;;;;;;;;;162;1,6;10:42;;;;162;1,488;10:42;;;;162;0,7275;2:42;
;;;;;;;;;163;1,6;10:43;;;;163;1,024;10:43;;;;163;0,6975;2:43;
;;;;;;;;;164;1,6;10:44;;;;164;1,488;10:44;;;;164;0,72;2:44;
;;;;;;;;;165;1,6;10:45;;;;165;0,752;10:45;;;;165;0,645;2:45;
;;;;;;;;;166;1,6;10:46;;;;166;1,36;10:46;;;;166;0,75;2:46;
;;;;;;;;;167;1,6;10:47;;;;167;0,928;10:47;;;;167;0,75;2:47;
;;;;;;;;;168;1,6;10:48;;;;168;1,072;10:48;;;;168;0,6675;2:48;
;;;;;;;;;169;1,6;10:49;;;;169;0,96;10:49;;;;169;0,6975;2:49;
;;;;;;;;;170;1,6;10:50;;;;170;1,52;10:50;;;;170;0,735;2:50;холодос в идл режиме
;;;;;;;;;171;1,6;10:51;;;;171;1,312;10:51;;;;171;0,044;2:51;
;;;;;;;;;172;1,6;10:52;;;;172;1,488;10:52;;;;172;0,0445;2:52;
;;;;;;;;;173;1,6;10:53;;;;173;1,264;10:53;;;;173;0,043;2:53;
;;;;;;;;;174;1,6;10:54;;;;174;0,912;10:54;;;;174;0,044;2:54;
;;;;;;;;;175;1,6;10:55;;;;175;1,408;10:55;;;;175;0,046;2:55;
;;;;;;;;;176;1,6;10:56;;;;176;1,296;10:56;;;;176;0,045;2:56;
;;;;;;;;;177;1,6;10:57;;;;177;1,328;10:57;;;;177;0,044;2:57;
;;;;;;;;;178;1,6;10:58;;;;178;1,232;10:58;;;;178;0,0455;2:58;
;;;;;;;;;179;1,6;10:59;;;;179;1,008;10:59;;;;179;0,0485;2:59;
;;;;;;;;;180;1,6;11:00;;;;180;1,232;11:00;;;;180;0,0445;3:00;
;;;;;;;;;181;1,6;11:01;;;;181;1,44;11:01;;;;181;0,0485;3:01;
;;;;;;;;;182;1,6;11:02;;;;182;1,072;11:02;;;;182;0,046;3:02;
;;;;;;;;;183;1,6;11:03;;;;183;1,408;11:03;;;;183;0,0465;3:03;
;;;;;;;;;184;1,6;11:04;;;;184;1,344;11:04;;;;184;0,0455;3:04;
;;;;;;;;;185;1,6;11:05;;;;185;0,64;11:05;;;;185;0,0495;3:05;
;;;;;;;;;186;1,6;11:06;;;;186;1,296;11:06;;;;186;0,045;3:06;
;;;;;;;;;187;1,6;11:07;;;;187;1,248;11:07;;;;187;0,044;3:07;
;;;;;;;;;188;1,6;11:08;;;;188;1,008;11:08;;;;188;0,0465;3:08;
;;;;;;;;;189;1,6;11:09;;;;189;0,72;11:09;;;;189;0,05;3:09;
;;;;;;;;;190;1,6;11:10;;;;190;1,12;11:10;;;;190;0,048;3:10;
;;;;;;;;;191;1,6;11:11;;;;191;1,136;11:11;;;;191;0,0435;3:11;
;;;;;;;;;192;1,6;11:12;;;;192;1,056;11:12;;;;192;0,043;3:12;
;;;;;;;;;193;1,6;11:13;;;;193;1,344;11:13;;;;193;0,046;3:13;
;;;;;;;;;194;1,6;11:14;;;;194;0,944;11:14;;;;194;0,046;3:14;
;;;;;;;;;195;1,6;11:15;;;;195;1,328;11:15;;;;195;0,0435;3:15;
;;;;;;;;;196;1,6;11:16;;;;196;0,976;11:16;;;;196;0,045;3:16;
;;;;;;;;;197;1,6;11:17;;;;197;0,816;11:17;;;;197;0,05;3:17;
;;;;;;;;;198;1,6;11:18;;;;198;0,752;11:18;;;;198;0,0455;3:18;
;;;;;;;;;199;1,6;11:19;;;;199;1,376;11:19;;;;199;0,0475;3:19;
;;;;;;;;;200;1,6;11:20;;;;200;1,328;11:20;;;;200;0,0445;3:20;
;;;;;;;;;201;1,6;11:21;;;;201;1,52;11:21;;;;201;0,05;3:21;
;;;;;;;;;202;1,6;11:22;;;;202;1,328;11:22;;;;202;0,049;3:22;
;;;;;;;;;203;1,6;11:23;;;;203;1,12;11:23;;;;203;0,0485;3:23;
;;;;;;;;;204;1,6;11:24;;;;204;1,264;11:24;;;;204;0,048;3:24;
;;;;;;;;;205;1,6;11:25;;;;205;0,864;11:25;;;;205;0,044;3:25;
;;;;;;;;;206;1,6;11:26;;;;206;1,344;11:26;;;;206;0,047;3:26;
;;;;;;;;;207;1,6;11:27;;;;207;0,64;11:27;;;;207;0,046;3:27;
;;;;;;;;;208;1,6;11:28;;;;208;1,12;11:28;;;;208;0,05;3:28;
;;;;;;;;;209;1,6;11:29;;;;209;1,52;11:29;;;;209;0,044;3:29;
;;;;;;;;;210;1,6;11:30;;;;210;1,488;11:30;;;;210;0,75;3:30;холодос на 10 минут
;;;;;;;;;211;1,6;11:31;;;;211;1,12;11:31;;;;211;0,72;3:31;
;;;;;;;;;212;1,6;11:32;;;;212;1,312;11:32;;;;212;0,645;3:32;
;;;;;;;;;213;1,6;11:33;;;;213;1,504;11:33;;;;213;0,7425;3:33;
;;;;;;;;;214;1,6;11:34;;;;214;0,912;11:34;;;;214;0,705;3:34;
;;;;;;;;;215;1,6;11:35;;;;215;1,36;11:35;;;;215;0,675;3:35;
;;;;;;;;;216;1,6;11:36;;;;216;1,104;11:36;;;;216;0,72;3:36;
;;;;;;;;;217;1,6;11:37;;;;217;0,64;11:37;;;;217;0,72;3:37;
;;;;;;;;;218;1,6;11:38;;;;218;1,456;11:38;;;;218;0,6825;3:38;
;;;;;;;;;219;1,6;11:39;;;;219;1,088;11:39;;;;219;0,66;3:39;
;;;;;;;;;220;1,6;11:40;;;;220;1,472;11:40;;;;220;0,6975;3:40;холодос в идл режиме
;;;;;;;;;221;1,6;11:41;;;;221;1,072;11:41;;;;221;0,0465;3:41;
;;;;;;;;;222;1,6;11:42;;;;222;1,312;11:42;;;;222;0,046;3:42;
;;;;;;;;;223;1,6;11:43;;;;223;1,088;11:43;;;;223;0,0485;3:43;
;;;;;;;;;224;1,6;11:44;;;;224;1,392;11:44;;;;224;0,048;3:44;
;;;;;;;;;225;1,645;11:45;Печать 7;;;225;1,645;11:45;;;;225;0,0475;3:45;
;;;;;;;;;226;1,645;11:46;конец печать 7;;;226;1,645;11:46;;;;226;0,0465;3:46;
;;;;;;;;;227;1,6;11:47;;;;227;0,944;11:47;;;;227;0,043;3:47;
;;;;;;;;;228;1,6;11:48;;;;228;1,456;11:48;;;;228;0,0465;3:48;
;;;;;;;;;229;1,6;11:49;;;;229;1,136;11:49;;;;229;0,0465;3:49;
;;;;;;;;;230;1,6;11:50;;;;230;1,136;11:50;;;;230;0,0435;3:50;
;;;;;;;;;231;1,6;11:51;;;;231;0,656;11:51;;;;231;0,0445;3:51;
;;;;;;;;;232;1,6;11:52;;;;232;1,472;11:52;;;;232;0,044;3:52;
;;;;;;;;;233;1,6;11:53;;;;233;0,816;11:53;;;;233;0,0445;3:53;
;;;;;;;;;234;1,6;11:54;;;;234;1,216;11:54;;;;234;0,0465;3:54;
;;;;;;;;;235;1,6;11:55;;;;235;0,832;11:55;;;;235;0,0455;3:55;
;;;;;;;;;236;1,6;11:56;;;;236;1,312;11:56;;;;236;0,048;3:56;
;;;;;;;;;237;1,6;11:57;;;;237;1,28;11:57;;;;237;0,0445;3:57;
;;;;;;;;;238;1,6;11:58;;;;238;0,848;11:58;;;;238;0,047;3:58;
;;;;;;;;;239;1,6;11:59;;;;239;0,944;11:59;;;;239;0,05;3:59;
;;;;;;;;;240;1,6;12:00;;;;240;0,752;12:00;;;;240;0,044;4:00;
;;;;;;;;;241;1,6;12:01;;;;241;1,248;12:01;;;;241;0,0465;4:01;
;;;;;;;;;242;1,6;12:02;;;;242;0,72;12:02;;;;242;0,046;4:02;
;;;;;;;;;243;1,6;12:03;;;;243;0,96;12:03;;;;243;0,05;4:03;
;;;;;;;;;244;1,6;12:04;;;;244;0,912;12:04;;;;244;0,046;4:04;
;;;;;;;;;245;1,6;12:05;;;;245;1,248;12:05;;;;245;0,0435;4:05;
;;;;;;;;;246;1,6;12:06;;;;246;0,784;12:06;;;;246;0,048;4:06;
;;;;;;;;;247;1,6;12:07;;;;247;0,912;12:07;;;;247;0,047;4:07;
;;;;;;;;;248;1,6;12:08;;;;248;0,832;12:08;;;;248;0,0455;4:08;
;;;;;;;;;249;1,6;12:09;;;;249;0,688;12:09;;;;249;0,049;4:09;
;;;;;;;;;250;1,6;12:10;;;;250;0,752;12:10;;;;250;0,048;4:10;
;;;;;;;;;251;1,6;12:11;;;;251;1,456;12:11;;;;251;0,0445;4:11;
;;;;;;;;;252;1,6;12:12;;;;252;1,168;12:12;;;;252;0,05;4:12;
;;;;;;;;;253;1,6;12:13;;;;253;1,328;12:13;;;;253;0,043;4:13;
;;;;;;;;;254;1,6;12:14;;;;254;1,504;12:14;;;;254;0,0435;4:14;
;;;;;;;;;255;1,6;12:15;;;;255;1,2;12:15;;;;255;0,0455;4:15;
;;;;;;;;;256;1,6;12:16;;;;256;1,008;12:16;;;;256;0,0475;4:16;
;;;;;;;;;257;1,6;12:17;;;;257;1,376;12:17;;;;257;0,0465;4:17;
;;;;;;;;;258;1,6;12:18;;;;258;1,44;12:18;;;;258;0,0465;4:18;
;;;;;;;;;259;1,6;12:19;;;;259;0,864;12:19;;;;259;0,0485;4:19;
;;;;;;;;;260;1,6;12:20;;;;260;0,688;12:20;;;;260;0,69;4:20;холодос на 10 минут
;;;;;;;;;261;1,6;12:21;;;;261;1,376;12:21;;;;261;0,675;4:21;
;;;;;;;;;262;1,6;12:22;;;;262;1,056;12:22;;;;262;0,735;4:22;
;;;;;;;;;263;1,6;12:23;;;;263;1,136;12:23;;;;263;0,6825;4:23;
;;;;;;;;;264;1,6;12:24;;;;264;1,504;12:24;;;;264;0,72;4:24;
;;;;;;;;;265;1,6;12:25;;;;265;0,96;12:25;;;;265;0,645;4:25;
;;;;;;;;;266;1,6;12:26;;;;266;1,456;12:26;;;;266;0,705;4:26;
;;;;;;;;;267;1,6;12:27;;;;267;1,36;12:27;;;;267;0,645;4:27;
;;;;;;;;;268;1,6;12:28;;;;268;1,168;12:28;;;;268;0,75;4:28;
;;;;;;;;;269;1,6;12:29;;;;269;0,976;12:29;;;;269;0,645;4:29;
;;;;;;;;;270;1,6;12:30;;;;270;0,64;12:30;;;;270;0,7125;4:30;холодос в идл режиме
;;;;;;;;;271;1,6;12:31;;;;271;1,152;12:31;;;;271;0,05;4:31;
;;;;;;;;;272;1,6;12:32;;;;272;1,472;12:32;;;;272;0,049;4:32;
;;;;;;;;;273;1,6;12:33;;;;273;0,944;12:33;;;;273;0,048;4:33;
;;;;;;;;;274;1,6;12:34;;;;274;0,944;12:34;;;;274;0,047;4:34;
;;;;;;;;;275;1,6;12:35;;;;275;0,72;12:35;;;;275;0,045;4:35;
;;;;;;;;;276;1,6;12:36;;;;276;1,2;12:36;;;;276;0,047;4:36;
;;;;;;;;;277;1,6;12:37;;;;277;1,344;12:37;;;;277;0,0455;4:37;
;;;;;;;;;278;1,6;12:38;;;;278;1,04;12:38;;;;278;0,047;4:38;
;;;;;;;;;279;1,6;12:39;;;;279;0,96;12:39;;;;279;0,0445;4:39;
;;;;;;;;;280;1,6;12:40;;;;280;1,056;12:40;;;;280;0,049;4:40;
;;;;;;;;;281;1,6;12:41;;;;281;1,168;12:41;;;;281;0,0445;4:41;
;;;;;;;;;282;1,75;12:42;Цикл шредера 13-24;;;282;1,75;12:42;;;;282;0,045;4:42;
;;;;;;;;;283;2,65;12:43;Печать на двух принтерах 8, 9;;;283;2,65;12:43;;;;283;0,0495;4:43;
;;;;;;;;;284;2,5;12:44;конец печать на двух принтерах 8, 9;;;284;2,5;12:44;;;;284;0,0435;4:44;
;;;;;;;;;285;1,6;12:45;;;;285;1,488;12:45;;;;285;0,0475;4:45;
;;;;;;;;;286;1,6;12:46;;;;286;1,12;12:46;;;;286;0,049;4:46;
;;;;;;;;;287;1,6;12:47;;;;287;1,328;12:47;;;;287;0,047;4:47;
;;;;;;;;;288;1,6;12:48;;;;288;0,992;12:48;;;;288;0,045;4:48;
;;;;;;;;;289;1,6;12:49;;;;289;0,928;12:49;;;;289;0,046;4:49;
;;;;;;;;;290;1,6;12:50;;;;290;0,992;12:50;;;;290;0,0465;4:50;
;;;;;;;;;291;1,6;12:51;;;;291;1,52;12:51;;;;291;0,045;4:51;
;;;;;;;;;292;1,6;12:52;;;;292;1,136;12:52;;;;292;0,046;4:52;
;;;;;;;;;293;1,6;12:53;;;;293;0,704;12:53;;;;293;0,046;4:53;
;;;;;;;;;294;1,6;12:54;;;;294;0,752;12:54;;;;294;0,046;4:54;
;;;;;;;;;295;1,6;12:55;;;;295;0,976;12:55;;;;295;0,044;4:55;
;;;;;;;;;296;1,6;12:56;;;;296;1,136;12:56;;;;296;0,0495;4:56;
;;;;;;;;;297;1,6;12:57;;;;297;0,688;12:57;;;;297;0,0465;4:57;
;;;;;;;;;298;1,6;12:58;;;;298;0,944;12:58;;;;298;0,0495;4:58;
;;;;;;;;;299;1,6;12:59;;;;299;0,672;12:59;;;;299;0,0485;4:59;
;;;;;;;;;300;1,6;13:00;;;;300;1,088;13:00;;;;300;0,043;5:00;
;;;;;;;;;301;1,6;13:01;;;;301;0,672;13:01;;;;301;0,049;5:01;
;;;;;;;;;302;1,6;13:02;;;;302;0,784;13:02;;;;302;0,043;5:02;
;;;;;;;;;303;1,6;13:03;;;;303;1,248;13:03;;;;303;0,0475;5:03;
;;;;;;;;;304;1,6;13:04;;;;304;1,472;13:04;;;;304;0,046;5:04;
;;;;;;;;;305;1,6;13:05;;;;305;1,056;13:05;;;;305;0,048;5:05;
;;;;;;;;;306;1,6;13:06;;;;306;0,768;13:06;;;;306;0,0465;5:06;
;;;;;;;;;307;1,6;13:07;;;;307;1,168;13:07;;;;307;0,046;5:07;
;;;;;;;;;308;1,6;13:08;;;;308;1,184;13:08;;;;308;0,0465;5:08;
;;;;;;;;;309;1,6;13:09;;;;309;0,944;13:09;;;;309;0,049;5:09;
;;;;;;;;;310;1,6;13:10;;;;310;1,424;13:10;;;;310;0,6675;5:10;холодос на 10 минут
;;;;;;;;;311;2,5;13:11;Печать на двух принтерах 10, 11, 12, 13;;;311;2,5;13:11;;;;311;0,705;5:11;
;;;;;;;;;312;2,5;13:12;это просто долгая печать;;;312;2,5;13:12;;;;312;0,735;5:12;
;;;;;;;;;313;2,5;13:13;;;;313;2,5;13:13;;;;313;0,66;5:13;
;;;;;;;;;314;2,5;13:14;;;;314;2,5;13:14;;;;314;0,675;5:14;
;;;;;;;;;315;1,6;13:15;;;;315;1,152;13:15;;;;315;0,6525;5:15;
;;;;;;;;;316;1,6;13:16;;;;316;1,216;13:16;;;;316;0,7275;5:16;
;;;;;;;;;317;1,6;13:17;;;;317;1,296;13:17;;;;317;0,69;5:17;
;;;;;;;;;318;1,6;13:18;;;;318;1,296;13:18;;;;318;0,7425;5:18;
;;;;;;;;;319;1,6;13:19;;;;319;1,04;13:19;;;;319;0,72;5:19;
;;;;;;;;;320;1,6;13:20;;;;320;1,472;13:20;;;;320;0,6675;5:20;холодос в идл режиме
;;;;;;;;;321;1,6;13:21;;;;321;1,248;13:21;;;;321;0,05;5:21;
;;;;;;;;;322;1,6;13:22;;;;322;0,928;13:22;;;;322;0,044;5:22;
;;;;;;;;;323;1,6;13:23;;;;323;0,928;13:23;;;;323;0,043;5:23;
;;;;;;;;;324;1,6;13:24;;;;324;1,296;13:24;;;;324;0,043;5:24;
;;;;;;;;;325;1,6;13:25;;;;325;0,704;13:25;;;;325;0,045;5:25;
;;;;;;;;;326;1,6;13:26;;;;326;0,912;13:26;;;;326;0,0465;5:26;
;;;;;;;;;327;1,6;13:27;;;;327;1,152;13:27;;;;327;0,048;5:27;
;;;;;;;;;328;1,6;13:28;;;;328;0,8;13:28;;;;328;0,05;5:28;
;;;;;;;;;329;1,6;13:29;;;;329;1,296;13:29;;;;329;0,0445;5:29;
;;;;;;;;;330;1,6;13:30;;;;330;0,704;13:30;;;;330;0,0475;5:30;
;;;;;;;;;331;1,6;13:31;;;;331;0,976;13:31;;;;331;0,0445;5:31;
;;;;;;;;;332;1,6;13:32;;;;332;1,424;13:32;;;;332;0,0465;5:32;
;;;;;;;;;333;1,6;13:33;;;;333;1,12;13:33;;;;333;0,049;5:33;
;;;;;;;;;334;1,6;13:34;;;;334;0,656;13:34;;;;334;0,0475;5:34;
;;;;;;;;;335;1,6;13:35;;;;335;0,784;13:35;;;;335;0,044;5:35;
;;;;;;;;;336;1,6;13:36;;;;336;0,704;13:36;;;;336;0,0455;5:36;
;;;;;;;;;337;1,6;13:37;;;;337;0,784;13:37;;;;337;0,05;5:37;
;;;;;;;;;338;1,6;13:38;;;;338;0,72;13:38;;;;338;0,0455;5:38;
;;;;;;;;;339;1,6;13:39;;;;339;1,376;13:39;;;;339;0,0495;5:39;
;;;;;;;;;340;1,6;13:40;;;;340;1,232;13:40;;;;340;0,045;5:40;
;;;;;;;;;341;1,6;13:41;;;;341;0,704;13:41;;;;341;0,0465;5:41;
;;;;;;;;;342;1,6;13:42;;;;342;0,848;13:42;;;;342;0,05;5:42;
;;;;;;;;;343;1,6;13:43;;;;343;1,216;13:43;;;;343;0,046;5:43;
;;;;;;;;;344;1,6;13:44;;;;344;1,456;13:44;;;;344;0,0495;5:44;
;;;;;;;;;345;1,6;13:45;;;;345;1,104;13:45;;;;345;0,0445;5:45;
;;;;;;;;;346;1,6;13:46;;;;346;0,848;13:46;;;;346;0,0485;5:46;
;;;;;;;;;347;1,6;13:47;;;;347;1,36;13:47;;;;347;0,0435;5:47;
;;;;;;;;;348;1,6;13:48;;;;348;1,328;13:48;;;;348;0,05;5:48;
;;;;;;;;;349;1,6;13:49;;;;349;1,44;13:49;;;;349;0,047;5:49;
;;;;;;;;;350;1,6;13:50;;;;350;1,312;13:50;;;;350;0,0465;5:50;
;;;;;;;;;351;1,6;13:51;;;;351;1,232;13:51;;;;351;0,044;5:51;
;;;;;;;;;352;1,6;13:52;;;;352;1,472;13:52;;;;352;0,0465;5:52;
;;;;;;;;;353;1,6;13:53;;;;353;0,736;13:53;;;;353;0,0465;5:53;
;;;;;;;;;354;1,6;13:54;;;;354;0,736;13:54;;;;354;0,048;5:54;
;;;;;;;;;355;1,6;13:55;;;;355;0,72;13:55;;;;355;0,0465;5:55;
;;;;;;;;;356;1,6;13:56;;;;356;0,672;13:56;;;;356;0,0465;5:56;
;;;;;;;;;357;1,6;13:57;;;;357;1,248;13:57;;;;357;0,05;5:57;
;;;;;;;;;358;1,6;13:58;;;;358;0,656;13:58;;;;358;0,0465;5:58;
;;;;;;;;;359;1,6;13:59;;;;359;0,928;13:59;;;;359;0,046;5:59;
;;;;;;;;;360;1,6;14:00;;;;360;1,232;14:00;;;;360;0,75;6:00;холодос на 10 минут
;;;;;;;;;361;1,6;14:01;;;;361;0,88;14:01;;;;361;0,75;6:01;
;;;;;;;;;362;1,6;14:02;;;;362;1,088;14:02;;;;362;0,69;6:02;
;;;;;;;;;363;1,6;14:03;;;;363;0,864;14:03;;;;363;0,6525;6:03;
;;;;;;;;;364;1,6;14:04;;;;364;0,848;14:04;;;;364;0,6675;6:04;
;;;;;;;;;365;1,6;14:05;;;;365;1,28;14:05;;;;365;0,645;6:05;
;;;;;;;;;366;1,6;14:06;;;;366;0,752;14:06;;;;366;0,6525;6:06;
;;;;;;;;;367;1,6;14:07;;;;367;0,816;14:07;;;;367;0,6675;6:07;
;;;;;;;;;368;1,6;14:08;;;;368;1,504;14:08;;;;368;0,735;6:08;
;;;;;;;;;369;1,6;14:09;;;;369;1,008;14:09;;;;369;0,7425;6:09;
;;;;;;;;;370;1,6;14:10;;;;370;1,024;14:10;;;;370;0,7275;6:10;холодос в идл режиме
;;;;;;;;;371;1,6;14:11;;;;371;0,816;14:11;;;;371;0,0485;6:11;
;;;;;;;;;372;1,6;14:12;;;;372;1,328;14:12;;;;372;0,0485;6:12;
;;;;;;;;;373;1,6;14:13;;;;373;1,408;14:13;;;;373;0,0435;6:13;
;;;;;;;;;374;1,6;14:14;;;;374;1,376;14:14;;;;374;0,05;6:14;
;;;;;;;;;375;1,6;14:15;;;;375;1,152;14:15;;;;375;0,043;6:15;
;;;;;;;;;376;1,6;14:16;;;;376;1,472;14:16;;;;376;0,0435;6:16;
;;;;;;;;;377;1,6;14:17;;;;377;0,816;14:17;;;;377;0,0445;6:17;
;;;;;;;;;378;1,6;14:18;;;;378;1,184;14:18;;;;378;0,047;6:18;
;;;;;;;;;379;1,6;14:19;;;;379;0,864;14:19;;;;379;0,048;6:19;
;;;;;;;;;380;1,6;14:20;;;;380;0,784;14:20;;;;380;0,0465;6:20;
;;;;;;;;;381;1,6;14:21;;;;381;1,184;14:21;;;;381;0,043;6:21;
;;;;;;;;;382;1,6;14:22;;;;382;1,312;14:22;;;;382;0,0445;6:22;
;;;;;;;;;383;1,6;14:23;;;;383;0,928;14:23;;;;383;0,0455;6:23;
;;;;;;;;;384;1,6;14:24;;;;384;0,88;14:24;;;;384;0,0445;6:24;
;;;;;;;;;385;1,75;14:25;Цикл шредера 25-96;;;385;1,75;14:25;;;;385;0,044;6:25;
;;;;;;;;;386;1,75;14:26;;;;386;1,75;14:26;;;;386;0,05;6:26;
;;;;;;;;;387;1,75;14:27;приехала прокуратура с проверкой, начали уничтожать бумагу;;;387;1,75;14:27;;;;387;0,0455;6:27;
;;;;;;;;;388;1,75;14:28;;;;388;1,75;14:28;;;;388;0,05;6:28;
;;;;;;;;;389;1,75;14:29;;;;389;1,75;14:29;;;;389;0,044;6:29;
;;;;;;;;;390;1,75;14:30;;;;390;1,75;14:30;;;;390;0,343;6:30;вкл телевизор утром +0,3 кВт до 8:30
;;;;;;;;;391;1,75;14:31;Конец цикла шредера 25-96;;;391;1,75;14:31;;;;391;0,322;6:31;
;;;;;;;;;392;1,6;14:32;;;;392;1,52;14:32;;;;392;0,3045;6:32;
;;;;;;;;;393;1,6;14:33;;;;393;1,328;14:33;;;;393;0,392;6:33;вкл свет +0,05
;;;;;;;;;394;1,6;14:34;;;;394;0,784;14:34;;;;394;0,376;6:34;
;;;;;;;;;395;1,6;14:35;;;;395;0,896;14:35;;;;395;2,088;6:35;чайник вкл 1
;;;;;;;;;396;1,6;14:36;;;;396;1,152;14:36;;;;396;2,256;6:36;
;;;;;;;;;397;1,6;14:37;;;;397;1,408;14:37;;;;397;2,304;6:37;
;;;;;;;;;398;1,6;14:38;;;;398;0,8;14:38;;;;398;2,208;6:38;
;;;;;;;;;399;1,6;14:39;;;;399;0,656;14:39;;;;399;2,136;6:39;
;;;;;;;;;400;1,6;14:40;;;;400;0,96;14:40;;;;400;2,4;6:40;чайник выкл 1
;;;;;;;;;401;1,6;14:41;;;;401;1,04;14:41;;;;401;0,4;6:41;
;;;;;;;;;402;1,6;14:42;;;;402;1,024;14:42;;;;402;0,392;6:42;
;;;;;;;;;403;1,6;14:43;;;;403;1,44;14:43;;;;403;0,392;6:43;
;;;;;;;;;404;1,6;14:44;;;;404;1,344;14:44;;;;404;0,348;6:44;
;;;;;;;;;405;1,6;14:45;;;;405;0,72;14:45;;;;405;0,4;6:45;
;;;;;;;;;406;1,6;14:46;;;;406;0,96;14:46;;;;406;0,384;6:46;
;;;;;;;;;407;1,6;14:47;;;;407;1,52;14:47;;;;407;0,4;6:47;
;;;;;;;;;408;1,6;14:48;;;;408;0,96;14:48;;;;408;0,392;6:48;
;;;;;;;;;409;1,6;14:49;;;;409;0,992;14:49;;;;409;0,352;6:49;
;;;;;;;;;410;1,6;14:50;;;;410;0,928;14:50;;;;410;0,968;6:50;холодос на 10 минут
;;;;;;;;;411;1,6;14:51;;;;411;0,64;14:51;;;;411;1,1;6:51;
;;;;;;;;;412;1,6;14:52;;;;412;0,704;14:52;;;;412;0,946;6:52;
;;;;;;;;;413;1,6;14:53;;;;413;0,88;14:53;;;;413;1,067;6:53;
;;;;;;;;;414;1,6;14:54;;;;414;1,024;14:54;;;;414;1,089;6:54;
;;;;;;;;;415;1,6;14:55;;;;415;1,408;14:55;;;;415;1,045;6:55;
;;;;;;;;;416;1,6;14:56;;;;416;1,504;14:56;;;;416;1,1;6:56;
;;;;;;;;;417;1,6;14:57;;;;417;1,216;14:57;;;;417;0,946;6:57;
;;;;;;;;;418;1,6;14:58;;;;418;0,672;14:58;;;;418;1,045;6:58;
;;;;;;;;;419;1,6;14:59;;;;419;1,44;14:59;;;;419;0,979;6:59;
;;;;;;;;;420;1,6;15:00;;;;420;0,752;15:00;;;;420;1,001;7:00;холодос в идл режиме
;;;;;;;;;421;1,6;15:01;;;;421;0,896;15:01;;;;421;0,38;7:01;
;;;;;;;;;422;1,6;15:02;;;;422;1,392;15:02;;;;422;0,384;7:02;
;;;;;;;;;423;1,6;15:03;;;;423;0,976;15:03;;;;423;0,376;7:03;
;;;;;;;;;424;1,6;15:04;;;;424;0,944;15:04;;;;424;0,344;7:04;
;;;;;;;;;425;1,6;15:05;;;;425;1,392;15:05;;;;425;4,806;7:05;плита вкл
;;;;;;;;;426;1,6;15:06;;;;426;1,456;15:06;;;;426;4,968;7:06;
;;;;;;;;;427;1,6;15:07;;;;427;1,424;15:07;;;;427;5,292;7:07;
;;;;;;;;;428;1,6;15:08;;;;428;0,928;15:08;;;;428;5,076;7:08;
;;;;;;;;;429;1,6;15:09;;;;429;0,976;15:09;;;;429;5,238;7:09;
;;;;;;;;;430;1,6;15:10;;;;430;0,736;15:10;;;;430;6,003;7:10;микроволновка вкл 1
;;;;;;;;;431;1,6;15:11;;;;431;1,296;15:11;;;;431;6,486;7:11;
;;;;;;;;;432;1,6;15:12;;;;432;1,088;15:12;;;;432;6,348;7:12;
;;;;;;;;;433;1,6;15:13;;;;433;1,136;15:13;;;;433;5,934;7:13;микроволновка выкл 1
;;;;;;;;;434;1,6;15:14;;;;434;1,28;15:14;;;;434;5,13;7:14;
;;;;;;;;;435;1,6;15:15;;;;435;0,944;15:15;;;;435;5,076;7:15;
;;;;;;;;;436;1,6;15:16;;;;436;0,688;15:16;;;;436;4,86;7:16;
;;;;;;;;;437;1,6;15:17;;;;437;1,328;15:17;;;;437;5,292;7:17;
;;;;;;;;;438;1,6;15:18;;;;438;1,52;15:18;;;;438;5,292;7:18;
;;;;;;;;;439;1,6;15:19;;;;439;1,472;15:19;;;;439;5,346;7:19;
;;;;;;;;;440;1,6;15:20;;;;440;0,64;15:20;;;;440;4,86;7:20;плита выкл
;;;;;;;;;441;1,6;15:21;;;;441;1,008;15:21;;;;441;0,384;7:21;
;;;;;;;;;442;1,6;15:22;;;;442;0,96;15:22;;;;442;0,348;7:22;
;;;;;;;;;443;1,6;15:23;;;;443;1,408;15:23;;;;443;0,392;7:23;
;;;;;;;;;444;1,6;15:24;;;;444;1,152;15:24;;;;444;0,392;7:24;
;;;;;;;;;445;1,6;15:25;;;;445;1,376;15:25;;;;445;0,344;7:25;
;;;;;;;;;446;1,6;15:26;;;;446;0,928;15:26;;;;446;0,344;7:26;
;;;;;;;;;447;1,6;15:27;;;;447;1,216;15:27;;;;447;0,36;7:27;
;;;;;;;;;448;1,6;15:28;;;;448;0,72;15:28;;;;448;0,396;7:28;
;;;;;;;;;449;1,6;15:29;;;;449;1,168;15:29;;;;449;0,388;7:29;
;;;;;;;;;450;1,6;15:30;;;;450;1,472;15:30;;;;450;0,364;7:30;
;;;;;;;;;451;1,6;15:31;;;;451;1,008;15:31;;;;451;0,396;7:31;
;;;;;;;;;452;1,6;15:32;;;;452;1,12;15:32;;;;452;0,36;7:32;
;;;;;;;;;453;1,6;15:33;;;;453;1,12;15:33;;;;453;0,356;7:33;
;;;;;;;;;454;1,6;15:34;Начало выключения компов;;;454;1,36;15:34;;;;454;0,392;7:34;
;;;;;;;;;455;1,3;15:35;;;;455;1,3;15:35;;;;455;0,352;7:35;
;;;;;;;;;456;1,3;15:36;;;;456;1,3;15:36;;;;456;0,368;7:36;
;;;;;;;;;457;1,3;15:37;;;;457;1,3;15:37;;;;457;0,38;7:37;
;;;;;;;;;458;1,3;15:38;;;;458;1,3;15:38;;;;458;2,068;7:38;чайник вкл 2
;;;;;;;;;459;1,3;15:39;;;;459;1,3;15:39;;;;459;2,209;7:39;
;;;;;;;;;460;1;15:40;;;;460;1;15:40;;;;460;2,3265;7:40;холодос на 10 минут
;;;;;;;;;461;1;15:41;;;;461;1;15:41;;;;461;2,021;7:41;
;;;;;;;;;462;1;15:42;;;;462;1;15:42;;;;462;2,2795;7:42;
;;;;;;;;;463;1;15:43;;;;463;1;15:43;;;;463;2,162;7:43;чайник выкл 2
;;;;;;;;;464;1;15:44;;;;464;1;15:44;;;;464;0,966;7:44;
;;;;;;;;;465;0,7;15:45;;;;465;0,7;15:45;;;;465;0,9765;7:45;
;;;;;;;;;466;0,85;15:46;Цикл шредера 96-100;;;466;0,85;15:46;;;;466;1,0395;7:46;
;;;;;;;;;467;0,85;15:47;Цикл шредера 96-101;;;467;0,85;15:47;;;;467;0,987;7:47;
;;;;;;;;;468;0,7;15:48;;;;468;0,7;15:48;;;;468;0,903;7:48;
;;;;;;;;;469;0,7;15:49;;;;469;0,7;15:49;;;;469;1,05;7:49;
;;;;;;;;;470;0,4;15:50;;;;470;0,4;15:50;;;;470;0,966;7:50;холодос в идл режиме
;;;;;;;;;471;0,445;15:51;Последняя печать 14;;;471;0,445;15:51;;;;471;0,3045;7:51;
;;;;;;;;;472;0,445;15:52;конечц пчати 14;;;472;0,445;15:52;;;;472;0,315;7:52;
;;;;;;;;;473;0,4;15:53;;;;473;0,4;15:53;;;;473;0,3325;7:53;
;;;;;;;;;474;0,4;15:54;;;;474;0,4;15:54;;;;474;0,3045;7:54;
;;;;;;;;;475;0,1;15:55;;;;475;0,1;15:55;;;;475;0,336;7:55;
;;;;;;;;;476;0,1;15:56;;;;476;0,1;15:56;;;;476;0,336;7:56;
;;;;;;;;;477;0,1;15:57;;;;477;0,1;15:57;;;;477;0,301;7:57;
;;;;;;;;;478;0,1;15:58;;;;478;0,1;15:58;;;;478;0,3185;7:58;
;;;;;;;;;479;0,1;15:59;выкл освещения;;;479;0,1;15:59;;;;479;0,3395;7:59;
;;;;;;;;;480;0;16:00;;;;480;0;16:00;;;;480;2,0915;8:00;фен, сушка волос, 4 минуты, + 2 кВт
;;;;;;;;;;;;;;;;;;;;;481;2,2795;8:01;
;;;;;;;;;;;;;;;;;;;;;482;2,162;8:02;
;;;;;;;;;;;;;;;;;;;;;483;2,115;8:03;
;;;;;;;;;;;;;;;;;;;;;484;2,2795;8:04;
;;;;;;;;;;;;;;;;;;;;;485;0,3255;8:05;
;;;;;;;;;;;;;;;;;;;;;486;0,315;8:06;
;;;;;;;;;;;;;;;;;;;;;487;1,8315;8:07;микроволновка вкл 2
;;;;;;;;;;;;;;;;;;;;;488;1,776;8:08;
;;;;;;;;;;;;;;;;;;;;;489;1,7945;8:09;
;;;;;;;;;;;;;;;;;;;;;490;1,7205;8:10;микроволновка выкл 2
;;;;;;;;;;;;;;;;;;;;;491;0,364;8:11;
;;;;;;;;;;;;;;;;;;;;;492;0,4;8:12;
;;;;;;;;;;;;;;;;;;;;;493;0,364;8:13;
;;;;;;;;;;;;;;;;;;;;;494;0,36;8:14;
;;;;;;;;;;;;;;;;;;;;;495;0,368;8:15;
;;;;;;;;;;;;;;;;;;;;;496;0,352;8:16;
;;;;;;;;;;;;;;;;;;;;;497;0,352;8:17;
;;;;;;;;;;;;;;;;;;;;;498;0,392;8:18;
;;;;;;;;;;;;;;;;;;;;;499;0,36;8:19;
;;;;;;;;;;;;;;;;;;;;;500;0,356;8:20;
;;;;;;;;;;;;;;;;;;;;;501;0,356;8:21;
;;;;;;;;;;;;;;;;;;;;;502;0,356;8:22;
;;;;;;;;;;;;;;;;;;;;;503;0,384;8:23;
;;;;;;;;;;;;;;;;;;;;;504;0,396;8:24;
;;;;;;;;;;;;;;;;;;;;;505;0,348;8:25;
;;;;;;;;;;;;;;;;;;;;;506;0,348;8:26;
;;;;;;;;;;;;;;;;;;;;;507;0,4;8:27;
;;;;;;;;;;;;;;;;;;;;;508;0,376;8:28;
;;;;;;;;;;;;;;;;;;;;;509;0,3115;8:29;выключение телевизора, покидание хаты
;;;;;;;;;;;;;;;;;;;;;510;1,05;8:30;холодос на 10 минут
;;;;;;;;;;;;;;;;;;;;;511;0,6825;8:31;
;;;;;;;;;;;;;;;;;;;;;512;0,75;8:32;
;;;;;;;;;;;;;;;;;;;;;513;0,7275;8:33;
;;;;;;;;;;;;;;;;;;;;;514;0,69;8:34;
;;;;;;;;;;;;;;;;;;;;;515;0,7125;8:35;
;;;;;;;;;;;;;;;;;;;;;516;0,705;8:36;
;;;;;;;;;;;;;;;;;;;;;517;0,6675;8:37;
;;;;;;;;;;;;;;;;;;;;;518;0,705;8:38;
;;;;;;;;;;;;;;;;;;;;;519;0,75;8:39;
;;;;;;;;;;;;;;;;;;;;;520;0,7125;8:40;холодос в идл режиме
;;;;;;;;;;;;;;;;;;;;;521;0,046;8:41;
;;;;;;;;;;;;;;;;;;;;;522;0,0485;8:42;
;;;;;;;;;;;;;;;;;;;;;523;0,045;8:43;
;;;;;;;;;;;;;;;;;;;;;524;0,044;8:44;
;;;;;;;;;;;;;;;;;;;;;525;0,045;8:45;
;;;;;;;;;;;;;;;;;;;;;526;0,043;8:46;
;;;;;;;;;;;;;;;;;;;;;527;0,047;8:47;
;;;;;;;;;;;;;;;;;;;;;528;0,0465;8:48;
;;;;;;;;;;;;;;;;;;;;;529;0,0495;8:49;
;;;;;;;;;;;;;;;;;;;;;530;0,0495;8:50;
;;;;;;;;;;;;;;;;;;;;;531;0,0455;8:51;
;;;;;;;;;;;;;;;;;;;;;532;0,044;8:52;
;;;;;;;;;;;;;;;;;;;;;533;0,048;8:53;
;;;;;;;;;;;;;;;;;;;;;534;0,049;8:54;
;;;;;;;;;;;;;;;;;;;;;535;0,046;8:55;
;;;;;;;;;;;;;;;;;;;;;536;0,0485;8:56;
;;;;;;;;;;;;;;;;;;;;;537;0,048;8:57;
;;;;;;;;;;;;;;;;;;;;;538;0,044;8:58;
;;;;;;;;;;;;;;;;;;;;;539;0,0495;8:59;
;;;;;;;;;;;;;;;;;;;;;540;0,048;9:00;
;;;;;;;;;;;;;;;;;;;;;541;0,043;9:01;
;;;;;;;;;;;;;;;;;;;;;542;0,043;9:02;
;;;;;;;;;;;;;;;;;;;;;543;0,045;9:03;
;;;;;;;;;;;;;;;;;;;;;544;0,0435;9:04;
;;;;;;;;;;;;;;;;;;;;;545;0,0485;9:05;
;;;;;;;;;;;;;;;;;;;;;546;0,0455;9:06;
;;;;;;;;;;;;;;;;;;;;;547;0,05;9:07;
;;;;;;;;;;;;;;;;;;;;;548;0,0495;9:08;
;;;;;;;;;;;;;;;;;;;;;549;0,046;9:09;
;;;;;;;;;;;;;;;;;;;;;550;0,0465;9:10;
;;;;;;;;;;;;;;;;;;;;;551;0,047;9:11;
;;;;;;;;;;;;;;;;;;;;;552;0,047;9:12;
;;;;;;;;;;;;;;;;;;;;;553;0,0445;9:13;
;;;;;;;;;;;;;;;;;;;;;554;0,044;9:14;
;;;;;;;;;;;;;;;;;;;;;555;0,0435;9:15;
;;;;;;;;;;;;;;;;;;;;;556;0,0435;9:16;
;;;;;;;;;;;;;;;;;;;;;557;0,0435;9:17;
;;;;;;;;;;;;;;;;;;;;;558;0,0495;9:18;
;;;;;;;;;;;;;;;;;;;;;559;0,0465;9:19;
;;;;;;;;;;;;;;;;;;;;;560;0,6675;9:20;холодос на 10 минут
;;;;;;;;;;;;;;;;;;;;;561;0,675;9:21;
;;;;;;;;;;;;;;;;;;;;;562;0,705;9:22;
;;;;;;;;;;;;;;;;;;;;;563;0,7425;9:23;
;;;;;;;;;;;;;;;;;;;;;564;0,7275;9:24;
;;;;;;;;;;;;;;;;;;;;;565;0,7425;9:25;
;;;;;;;;;;;;;;;;;;;;;566;0,75;9:26;
;;;;;;;;;;;;;;;;;;;;;567;0,72;9:27;
;;;;;;;;;;;;;;;;;;;;;568;0,6825;9:28;
;;;;;;;;;;;;;;;;;;;;;569;0,735;9:29;
;;;;;;;;;;;;;;;;;;;;;570;0,735;9:30;холодос в идл режиме
;;;;;;;;;;;;;;;;;;;;;571;0,049;9:31;
;;;;;;;;;;;;;;;;;;;;;572;0,048;9:32;
;;;;;;;;;;;;;;;;;;;;;573;0,044;9:33;
;;;;;;;;;;;;;;;;;;;;;574;0,0485;9:34;
;;;;;;;;;;;;;;;;;;;;;575;0,047;9:35;
;;;;;;;;;;;;;;;;;;;;;576;0,045;9:36;
;;;;;;;;;;;;;;;;;;;;;577;0,0495;9:37;
;;;;;;;;;;;;;;;;;;;;;578;0,0465;9:38;
;;;;;;;;;;;;;;;;;;;;;579;0,046;9:39;
;;;;;;;;;;;;;;;;;;;;;580;0,047;9:40;
;;;;;;;;;;;;;;;;;;;;;581;0,045;9:41;
;;;;;;;;;;;;;;;;;;;;;582;0,049;9:42;
;;;;;;;;;;;;;;;;;;;;;583;0,043;9:43;
;;;;;;;;;;;;;;;;;;;;;584;0,043;9:44;
;;;;;;;;;;;;;;;;;;;;;585;0,049;9:45;
;;;;;;;;;;;;;;;;;;;;;586;0,044;9:46;
;;;;;;;;;;;;;;;;;;;;;587;0,0495;9:47;
;;;;;;;;;;;;;;;;;;;;;588;0,047;9:48;
;;;;;;;;;;;;;;;;;;;;;589;0,049;9:49;
;;;;;;;;;;;;;;;;;;;;;590;0,044;9:50;
;;;;;;;;;;;;;;;;;;;;;591;0,044;9:51;
;;;;;;;;;;;;;;;;;;;;;592;0,0495;9:52;
;;;;;;;;;;;;;;;;;;;;;593;0,047;9:53;
;;;;;;;;;;;;;;;;;;;;;594;0,045;9:54;
;;;;;;;;;;;;;;;;;;;;;595;0,046;9:55;
;;;;;;;;;;;;;;;;;;;;;596;0,05;9:56;
;;;;;;;;;;;;;;;;;;;;;597;0,047;9:57;
;;;;;;;;;;;;;;;;;;;;;598;0,05;9:58;
;;;;;;;;;;;;;;;;;;;;;599;0,048;9:59;
;;;;;;;;;;;;;;;;;;;;;600;0,0435;10:00;
;;;;;;;;;;;;;;;;;;;;;601;0,0485;10:01;
;;;;;;;;;;;;;;;;;;;;;602;0,045;10:02;
;;;;;;;;;;;;;;;;;;;;;603;0,047;10:03;
;;;;;;;;;;;;;;;;;;;;;604;0,05;10:04;
;;;;;;;;;;;;;;;;;;;;;605;0,044;10:05;
;;;;;;;;;;;;;;;;;;;;;606;0,045;10:06;
;;;;;;;;;;;;;;;;;;;;;607;0,046;10:07;
;;;;;;;;;;;;;;;;;;;;;608;0,0445;10:08;
;;;;;;;;;;;;;;;;;;;;;609;0,0475;10:09;
;;;;;;;;;;;;;;;;;;;;;610;0,735;10:10;холодос на 10 минут
;;;;;;;;;;;;;;;;;;;;;611;0,66;10:11;
;;;;;;;;;;;;;;;;;;;;;612;0,645;10:12;
;;;;;;;;;;;;;;;;;;;;;613;0,75;10:13;
;;;;;;;;;;;;;;;;;;;;;614;0,69;10:14;
;;;;;;;;;;;;;;;;;;;;;615;0,705;10:15;
;;;;;;;;;;;;;;;;;;;;;616;0,6825;10:16;
;;;;;;;;;;;;;;;;;;;;;617;0,7275;10:17;
;;;;;;;;;;;;;;;;;;;;;618;0,7275;10:18;
;;;;;;;;;;;;;;;;;;;;;619;0,7125;10:19;
;;;;;;;;;;;;;;;;;;;;;620;0,6825;10:20;холодос в идл режиме
;;;;;;;;;;;;;;;;;;;;;621;0,048;10:21;
;;;;;;;;;;;;;;;;;;;;;622;0,044;10:22;
;;;;;;;;;;;;;;;;;;;;;623;0,045;10:23;
;;;;;;;;;;;;;;;;;;;;;624;0,0455;10:24;
;;;;;;;;;;;;;;;;;;;;;625;0,044;10:25;
;;;;;;;;;;;;;;;;;;;;;626;0,0455;10:26;
;;;;;;;;;;;;;;;;;;;;;627;0,0485;10:27;
;;;;;;;;;;;;;;;;;;;;;628;0,044;10:28;
;;;;;;;;;;;;;;;;;;;;;629;0,05;10:29;
;;;;;;;;;;;;;;;;;;;;;630;0,048;10:30;
;;;;;;;;;;;;;;;;;;;;;631;0,049;10:31;
;;;;;;;;;;;;;;;;;;;;;632;0,05;10:32;
;;;;;;;;;;;;;;;;;;;;;633;0,0455;10:33;
;;;;;;;;;;;;;;;;;;;;;634;0,0485;10:34;
;;;;;;;;;;;;;;;;;;;;;635;0,046;10:35;
;;;;;;;;;;;;;;;;;;;;;636;0,043;10:36;
;;;;;;;;;;;;;;;;;;;;;637;0,047;10:37;
;;;;;;;;;;;;;;;;;;;;;638;0,0465;10:38;
;;;;;;;;;;;;;;;;;;;;;639;0,0455;10:39;
;;;;;;;;;;;;;;;;;;;;;640;0,0485;10:40;
;;;;;;;;;;;;;;;;;;;;;641;0,043;10:41;
;;;;;;;;;;;;;;;;;;;;;642;0,0475;10:42;
;;;;;;;;;;;;;;;;;;;;;643;0,0455;10:43;
;;;;;;;;;;;;;;;;;;;;;644;0,0465;10:44;
;;;;;;;;;;;;;;;;;;;;;645;0,05;10:45;
;;;;;;;;;;;;;;;;;;;;;646;0,0475;10:46;
;;;;;;;;;;;;;;;;;;;;;647;0,043;10:47;
;;;;;;;;;;;;;;;;;;;;;648;0,0435;10:48;
;;;;;;;;;;;;;;;;;;;;;649;0,048;10:49;
;;;;;;;;;;;;;;;;;;;;;650;0,0475;10:50;
;;;;;;;;;;;;;;;;;;;;;651;0,043;10:51;
;;;;;;;;;;;;;;;;;;;;;652;0,046;10:52;
;;;;;;;;;;;;;;;;;;;;;653;0,043;10:53;
;;;;;;;;;;;;;;;;;;;;;654;0,0435;10:54;
;;;;;;;;;;;;;;;;;;;;;655;0,0495;10:55;
;;;;;;;;;;;;;;;;;;;;;656;0,046;10:56;
;;;;;;;;;;;;;;;;;;;;;657;0,043;10:57;
;;;;;;;;;;;;;;;;;;;;;658;0,048;10:58;
;;;;;;;;;;;;;;;;;;;;;659;0,043;10:59;
;;;;;;;;;;;;;;;;;;;;;660;0,675;11:00;холодос на 10 минут
;;;;;;;;;;;;;;;;;;;;;661;0,6675;11:01;
;;;;;;;;;;;;;;;;;;;;;662;0,735;11:02;
;;;;;;;;;;;;;;;;;;;;;663;0,7425;11:03;
;;;;;;;;;;;;;;;;;;;;;664;0,7125;11:04;
;;;;;;;;;;;;;;;;;;;;;665;0,72;11:05;
;;;;;;;;;;;;;;;;;;;;;666;0,72;11:06;
;;;;;;;;;;;;;;;;;;;;;667;0,735;11:07;
;;;;;;;;;;;;;;;;;;;;;668;0,69;11:08;
;;;;;;;;;;;;;;;;;;;;;669;0,75;11:09;
;;;;;;;;;;;;;;;;;;;;;670;0,75;11:10;холодос в идл режиме
;;;;;;;;;;;;;;;;;;;;;671;0,044;11:11;
;;;;;;;;;;;;;;;;;;;;;672;0,0445;11:12;
;;;;;;;;;;;;;;;;;;;;;673;0,043;11:13;
;;;;;;;;;;;;;;;;;;;;;674;0,0495;11:14;
;;;;;;;;;;;;;;;;;;;;;675;0,0485;11:15;
;;;;;;;;;;;;;;;;;;;;;676;0,046;11:16;
;;;;;;;;;;;;;;;;;;;;;677;0,045;11:17;
;;;;;;;;;;;;;;;;;;;;;678;0,044;11:18;
;;;;;;;;;;;;;;;;;;;;;679;0,047;11:19;
;;;;;;;;;;;;;;;;;;;;;680;0,0435;11:20;
;;;;;;;;;;;;;;;;;;;;;681;0,0485;11:21;
;;;;;;;;;;;;;;;;;;;;;682;0,0435;11:22;
;;;;;;;;;;;;;;;;;;;;;683;0,0455;11:23;
;;;;;;;;;;;;;;;;;;;;;684;0,0495;11:24;
;;;;;;;;;;;;;;;;;;;;;685;0,0445;11:25;
;;;;;;;;;;;;;;;;;;;;;686;0,0435;11:26;
;;;;;;;;;;;;;;;;;;;;;687;0,0485;11:27;
;;;;;;;;;;;;;;;;;;;;;688;0,0445;11:28;
;;;;;;;;;;;;;;;;;;;;;689;0,05;11:29;
;;;;;;;;;;;;;;;;;;;;;690;0,0465;11:30;
;;;;;;;;;;;;;;;;;;;;;691;0,0465;11:31;
;;;;;;;;;;;;;;;;;;;;;692;0,0465;11:32;
;;;;;;;;;;;;;;;;;;;;;693;0,043;11:33;
;;;;;;;;;;;;;;;;;;;;;694;0,047;11:34;
;;;;;;;;;;;;;;;;;;;;;695;0,048;11:35;
;;;;;;;;;;;;;;;;;;;;;696;0,0435;11:36;
;;;;;;;;;;;;;;;;;;;;;697;0,048;11:37;
;;;;;;;;;;;;;;;;;;;;;698;0,0485;11:38;
;;;;;;;;;;;;;;;;;;;;;699;0,049;11:39;
;;;;;;;;;;;;;;;;;;;;;700;0,045;11:40;
;;;;;;;;;;;;;;;;;;;;;701;0,05;11:41;
;;;;;;;;;;;;;;;;;;;;;702;0,043;11:42;
;;;;;;;;;;;;;;;;;;;;;703;0,0435;11:43;
;;;;;;;;;;;;;;;;;;;;;704;0,046;11:44;
;;;;;;;;;;;;;;;;;;;;;705;0,0495;11:45;
;;;;;;;;;;;;;;;;;;;;;706;0,043;11:46;
;;;;;;;;;;;;;;;;;;;;;707;0,0495;11:47;
;;;;;;;;;;;;;;;;;;;;;708;0,044;11:48;
;;;;;;;;;;;;;;;;;;;;;709;0,0455;11:49;
;;;;;;;;;;;;;;;;;;;;;710;0,6825;11:50;холодос включился на 10 минут
;;;;;;;;;;;;;;;;;;;;;711;0,6975;11:51;
;;;;;;;;;;;;;;;;;;;;;712;0,705;11:52;
;;;;;;;;;;;;;;;;;;;;;713;0,6825;11:53;
;;;;;;;;;;;;;;;;;;;;;714;0,7275;11:54;
;;;;;;;;;;;;;;;;;;;;;715;0,72;11:55;
;;;;;;;;;;;;;;;;;;;;;716;0,705;11:56;
;;;;;;;;;;;;;;;;;;;;;717;0,75;11:57;
;;;;;;;;;;;;;;;;;;;;;718;0,6525;11:58;
;;;;;;;;;;;;;;;;;;;;;719;0,75;11:59;
;;;;;;;;;;;;;;;;;;;;;720;0,6975;12:00;холодос в идл режиме
;;;;;;;;;;;;;;;;;;;;;721;0,0435;12:01;
;;;;;;;;;;;;;;;;;;;;;722;0,046;12:02;
;;;;;;;;;;;;;;;;;;;;;723;0,047;12:03;
;;;;;;;;;;;;;;;;;;;;;724;0,0485;12:04;
;;;;;;;;;;;;;;;;;;;;;725;0,0475;12:05;
;;;;;;;;;;;;;;;;;;;;;726;0,0475;12:06;
;;;;;;;;;;;;;;;;;;;;;727;0,047;12:07;
;;;;;;;;;;;;;;;;;;;;;728;0,0465;12:08;
;;;;;;;;;;;;;;;;;;;;;729;0,047;12:09;
;;;;;;;;;;;;;;;;;;;;;730;0,045;12:10;
;;;;;;;;;;;;;;;;;;;;;731;0,0485;12:11;
;;;;;;;;;;;;;;;;;;;;;732;0,049;12:12;
;;;;;;;;;;;;;;;;;;;;;733;0,0495;12:13;
;;;;;;;;;;;;;;;;;;;;;734;0,048;12:14;
;;;;;;;;;;;;;;;;;;;;;735;0,0475;12:15;
;;;;;;;;;;;;;;;;;;;;;736;0,043;12:16;
;;;;;;;;;;;;;;;;;;;;;737;0,0435;12:17;
;;;;;;;;;;;;;;;;;;;;;738;0,043;12:18;
;;;;;;;;;;;;;;;;;;;;;739;0,045;12:19;
;;;;;;;;;;;;;;;;;;;;;740;0,047;12:20;
;;;;;;;;;;;;;;;;;;;;;741;0,0475;12:21;
;;;;;;;;;;;;;;;;;;;;;742;0,046;12:22;
;;;;;;;;;;;;;;;;;;;;;743;0,049;12:23;
;;;;;;;;;;;;;;;;;;;;;744;0,046;12:24;
;;;;;;;;;;;;;;;;;;;;;745;0,043;12:25;
;;;;;;;;;;;;;;;;;;;;;746;0,05;12:26;
;;;;;;;;;;;;;;;;;;;;;747;0,0475;12:27;
;;;;;;;;;;;;;;;;;;;;;748;0,0465;12:28;
;;;;;;;;;;;;;;;;;;;;;749;0,0465;12:29;
;;;;;;;;;;;;;;;;;;;;;750;0,0475;12:30;
;;;;;;;;;;;;;;;;;;;;;751;0,043;12:31;
;;;;;;;;;;;;;;;;;;;;;752;0,044;12:32;
;;;;;;;;;;;;;;;;;;;;;753;0,046;12:33;
;;;;;;;;;;;;;;;;;;;;;754;0,044;12:34;
;;;;;;;;;;;;;;;;;;;;;755;0,043;12:35;
;;;;;;;;;;;;;;;;;;;;;756;0,0435;12:36;
;;;;;;;;;;;;;;;;;;;;;757;0,0455;12:37;
;;;;;;;;;;;;;;;;;;;;;758;0,049;12:38;
;;;;;;;;;;;;;;;;;;;;;759;0,043;12:39;
;;;;;;;;;;;;;;;;;;;;;760;0,66;12:40;холодос на 10 минут
;;;;;;;;;;;;;;;;;;;;;761;0,675;12:41;
;;;;;;;;;;;;;;;;;;;;;762;0,66;12:42;
;;;;;;;;;;;;;;;;;;;;;763;0,66;12:43;
;;;;;;;;;;;;;;;;;;;;;764;0,6675;12:44;
;;;;;;;;;;;;;;;;;;;;;765;0,6825;12:45;
;;;;;;;;;;;;;;;;;;;;;766;0,7125;12:46;
;;;;;;;;;;;;;;;;;;;;;767;0,69;12:47;
;;;;;;;;;;;;;;;;;;;;;768;0,75;12:48;
;;;;;;;;;;;;;;;;;;;;;769;0,705;12:49;
;;;;;;;;;;;;;;;;;;;;;770;0,6825;12:50;холодос в идл режиме
;;;;;;;;;;;;;;;;;;;;;771;0,0445;12:51;
;;;;;;;;;;;;;;;;;;;;;772;0,045;12:52;
;;;;;;;;;;;;;;;;;;;;;773;0,043;12:53;
;;;;;;;;;;;;;;;;;;;;;774;0,045;12:54;
;;;;;;;;;;;;;;;;;;;;;775;0,047;12:55;
;;;;;;;;;;;;;;;;;;;;;776;0,045;12:56;
;;;;;;;;;;;;;;;;;;;;;777;0,047;12:57;
;;;;;;;;;;;;;;;;;;;;;778;0,044;12:58;
;;;;;;;;;;;;;;;;;;;;;779;0,044;12:59;
;;;;;;;;;;;;;;;;;;;;;780;0,044;13:00;
;;;;;;;;;;;;;;;;;;;;;781;0,044;13:01;
;;;;;;;;;;;;;;;;;;;;;782;0,047;13:02;
;;;;;;;;;;;;;;;;;;;;;783;0,0495;13:03;
;;;;;;;;;;;;;;;;;;;;;784;0,048;13:04;
;;;;;;;;;;;;;;;;;;;;;785;0,047;13:05;
;;;;;;;;;;;;;;;;;;;;;786;0,049;13:06;
;;;;;;;;;;;;;;;;;;;;;787;0,047;13:07;
;;;;;;;;;;;;;;;;;;;;;788;0,0475;13:08;
;;;;;;;;;;;;;;;;;;;;;789;0,049;13:09;
;;;;;;;;;;;;;;;;;;;;;790;0,0485;13:10;
;;;;;;;;;;;;;;;;;;;;;791;0,044;13:11;
;;;;;;;;;;;;;;;;;;;;;792;0,045;13:12;
;;;;;;;;;;;;;;;;;;;;;793;0,0465;13:13;
;;;;;;;;;;;;;;;;;;;;;794;0,0485;13:14;
;;;;;;;;;;;;;;;;;;;;;795;0,0495;13:15;
;;;;;;;;;;;;;;;;;;;;;796;0,0445;13:16;
;;;;;;;;;;;;;;;;;;;;;797;0,0465;13:17;
;;;;;;;;;;;;;;;;;;;;;798;0,047;13:18;
;;;;;;;;;;;;;;;;;;;;;799;0,0465;13:19;
;;;;;;;;;;;;;;;;;;;;;800;0,048;13:20;
;;;;;;;;;;;;;;;;;;;;;801;0,05;13:21;
;;;;;;;;;;;;;;;;;;;;;802;0,047;13:22;
;;;;;;;;;;;;;;;;;;;;;803;0,048;13:23;
;;;;;;;;;;;;;;;;;;;;;804;0,0455;13:24;
;;;;;;;;;;;;;;;;;;;;;805;0,0455;13:25;
;;;;;;;;;;;;;;;;;;;;;806;0,045;13:26;
;;;;;;;;;;;;;;;;;;;;;807;0,0485;13:27;
;;;;;;;;;;;;;;;;;;;;;808;0,047;13:28;
;;;;;;;;;;;;;;;;;;;;;809;0,043;13:29;
;;;;;;;;;;;;;;;;;;;;;810;0,7125;13:30;холодос на 10 минут
;;;;;;;;;;;;;;;;;;;;;811;0,675;13:31;
;;;;;;;;;;;;;;;;;;;;;812;0,75;13:32;
;;;;;;;;;;;;;;;;;;;;;813;0,6825;13:33;
;;;;;;;;;;;;;;;;;;;;;814;0,645;13:34;
;;;;;;;;;;;;;;;;;;;;;815;0,7125;13:35;
;;;;;;;;;;;;;;;;;;;;;816;0,6675;13:36;
;;;;;;;;;;;;;;;;;;;;;817;0,6525;13:37;
;;;;;;;;;;;;;;;;;;;;;818;0,69;13:38;
;;;;;;;;;;;;;;;;;;;;;819;0,6675;13:39;
;;;;;;;;;;;;;;;;;;;;;820;0,7425;13:40;холодос в идл режиме
;;;;;;;;;;;;;;;;;;;;;821;0,0435;13:41;
;;;;;;;;;;;;;;;;;;;;;822;0,046;13:42;
;;;;;;;;;;;;;;;;;;;;;823;0,0435;13:43;
;;;;;;;;;;;;;;;;;;;;;824;0,0435;13:44;
;;;;;;;;;;;;;;;;;;;;;825;0,0495;13:45;
;;;;;;;;;;;;;;;;;;;;;826;0,0485;13:46;
;;;;;;;;;;;;;;;;;;;;;827;0,047;13:47;
;;;;;;;;;;;;;;;;;;;;;828;0,0455;13:48;
;;;;;;;;;;;;;;;;;;;;;829;0,05;13:49;
;;;;;;;;;;;;;;;;;;;;;830;0,045;13:50;
;;;;;;;;;;;;;;;;;;;;;831;0,049;13:51;
;;;;;;;;;;;;;;;;;;;;;832;0,0445;13:52;
;;;;;;;;;;;;;;;;;;;;;833;0,0495;13:53;
;;;;;;;;;;;;;;;;;;;;;834;0,0455;13:54;
;;;;;;;;;;;;;;;;;;;;;835;0,05;13:55;
;;;;;;;;;;;;;;;;;;;;;836;0,0485;13:56;
;;;;;;;;;;;;;;;;;;;;;837;0,0465;13:57;
;;;;;;;;;;;;;;;;;;;;;838;0,043;13:58;
;;;;;;;;;;;;;;;;;;;;;839;0,047;13:59;
;;;;;;;;;;;;;;;;;;;;;840;0,0435;14:00;
;;;;;;;;;;;;;;;;;;;;;841;0,043;14:01;
;;;;;;;;;;;;;;;;;;;;;842;0,0465;14:02;
;;;;;;;;;;;;;;;;;;;;;843;0,0465;14:03;
;;;;;;;;;;;;;;;;;;;;;844;0,048;14:04;
;;;;;;;;;;;;;;;;;;;;;845;0,0465;14:05;
;;;;;;;;;;;;;;;;;;;;;846;0,045;14:06;
;;;;;;;;;;;;;;;;;;;;;847;0,0485;14:07;
;;;;;;;;;;;;;;;;;;;;;848;0,0475;14:08;
;;;;;;;;;;;;;;;;;;;;;849;0,047;14:09;
;;;;;;;;;;;;;;;;;;;;;850;0,0485;14:10;
;;;;;;;;;;;;;;;;;;;;;851;0,05;14:11;
;;;;;;;;;;;;;;;;;;;;;852;0,0495;14:12;
;;;;;;;;;;;;;;;;;;;;;853;0,045;14:13;
;;;;;;;;;;;;;;;;;;;;;854;0,0455;14:14;
;;;;;;;;;;;;;;;;;;;;;855;0,0475;14:15;
;;;;;;;;;;;;;;;;;;;;;856;0,0465;14:16;
;;;;;;;;;;;;;;;;;;;;;857;0,0445;14:17;
;;;;;;;;;;;;;;;;;;;;;858;0,0475;14:18;
;;;;;;;;;;;;;;;;;;;;;859;0,046;14:19;
;;;;;;;;;;;;;;;;;;;;;860;0,66;14:20;холодос на 10 минут
;;;;;;;;;;;;;;;;;;;;;861;0,6525;14:21;
;;;;;;;;;;;;;;;;;;;;;862;0,75;14:22;
;;;;;;;;;;;;;;;;;;;;;863;0,675;14:23;
;;;;;;;;;;;;;;;;;;;;;864;0,69;14:24;
;;;;;;;;;;;;;;;;;;;;;865;0,6825;14:25;
;;;;;;;;;;;;;;;;;;;;;866;0,6975;14:26;
;;;;;;;;;;;;;;;;;;;;;867;0,6975;14:27;
;;;;;;;;;;;;;;;;;;;;;868;0,75;14:28;
;;;;;;;;;;;;;;;;;;;;;869;0,6825;14:29;
;;;;;;;;;;;;;;;;;;;;;870;0,645;14:30;холодос в идл режиме
;;;;;;;;;;;;;;;;;;;;;871;0,047;14:31;
;;;;;;;;;;;;;;;;;;;;;872;0,044;14:32;
;;;;;;;;;;;;;;;;;;;;;873;0,049;14:33;
;;;;;;;;;;;;;;;;;;;;;874;0,043;14:34;
;;;;;;;;;;;;;;;;;;;;;875;0,0455;14:35;
;;;;;;;;;;;;;;;;;;;;;876;0,0475;14:36;
;;;;;;;;;;;;;;;;;;;;;877;0,043;14:37;
;;;;;;;;;;;;;;;;;;;;;878;0,0485;14:38;
;;;;;;;;;;;;;;;;;;;;;879;0,045;14:39;
;;;;;;;;;;;;;;;;;;;;;880;0,047;14:40;
;;;;;;;;;;;;;;;;;;;;;881;0,048;14:41;
;;;;;;;;;;;;;;;;;;;;;882;0,0475;14:42;
;;;;;;;;;;;;;;;;;;;;;883;0,0495;14:43;
;;;;;;;;;;;;;;;;;;;;;884;0,049;14:44;
;;;;;;;;;;;;;;;;;;;;;885;0,045;14:45;
;;;;;;;;;;;;;;;;;;;;;886;0,044;14:46;
;;;;;;;;;;;;;;;;;;;;;887;0,048;14:47;
;;;;;;;;;;;;;;;;;;;;;888;0,0485;14:48;
;;;;;;;;;;;;;;;;;;;;;889;0,044;14:49;
;;;;;;;;;;;;;;;;;;;;;890;0,0435;14:50;
;;;;;;;;;;;;;;;;;;;;;891;0,047;14:51;
;;;;;;;;;;;;;;;;;;;;;892;0,045;14:52;
;;;;;;;;;;;;;;;;;;;;;893;0,0495;14:53;
;;;;;;;;;;;;;;;;;;;;;894;0,044;14:54;
;;;;;;;;;;;;;;;;;;;;;895;0,0495;14:55;
;;;;;;;;;;;;;;;;;;;;;896;0,043;14:56;
;;;;;;;;;;;;;;;;;;;;;897;0,043;14:57;
;;;;;;;;;;;;;;;;;;;;;898;0,0455;14:58;
;;;;;;;;;;;;;;;;;;;;;899;0,0435;14:59;
;;;;;;;;;;;;;;;;;;;;;900;0,049;15:00;
;;;;;;;;;;;;;;;;;;;;;901;0,045;15:01;
;;;;;;;;;;;;;;;;;;;;;902;0,044;15:02;
;;;;;;;;;;;;;;;;;;;;;903;0,0475;15:03;
;;;;;;;;;;;;;;;;;;;;;904;0,048;15:04;
;;;;;;;;;;;;;;;;;;;;;905;0,047;15:05;
;;;;;;;;;;;;;;;;;;;;;906;0,048;15:06;
;;;;;;;;;;;;;;;;;;;;;907;0,045;15:07;
;;;;;;;;;;;;;;;;;;;;;908;0,049;15:08;
;;;;;;;;;;;;;;;;;;;;;909;0,045;15:09;
;;;;;;;;;;;;;;;;;;;;;910;0,645;15:10;холодос на 10 минут
;;;;;;;;;;;;;;;;;;;;;911;0,7275;15:11;
;;;;;;;;;;;;;;;;;;;;;912;0,6675;15:12;
;;;;;;;;;;;;;;;;;;;;;913;0,6825;15:13;
;;;;;;;;;;;;;;;;;;;;;914;0,6675;15:14;
;;;;;;;;;;;;;;;;;;;;;915;0,6975;15:15;
;;;;;;;;;;;;;;;;;;;;;916;0,66;15:16;
;;;;;;;;;;;;;;;;;;;;;917;0,645;15:17;
;;;;;;;;;;;;;;;;;;;;;918;0,7275;15:18;
;;;;;;;;;;;;;;;;;;;;;919;0,7125;15:19;
;;;;;;;;;;;;;;;;;;;;;920;0,705;15:20;холодос в идл режиме
;;;;;;;;;;;;;;;;;;;;;921;0,043;15:21;
;;;;;;;;;;;;;;;;;;;;;922;0,047;15:22;
;;;;;;;;;;;;;;;;;;;;;923;0,044;15:23;
;;;;;;;;;;;;;;;;;;;;;924;0,0495;15:24;
;;;;;;;;;;;;;;;;;;;;;925;0,0435;15:25;
;;;;;;;;;;;;;;;;;;;;;926;0,049;15:26;
;;;;;;;;;;;;;;;;;;;;;927;0,0495;15:27;
;;;;;;;;;;;;;;;;;;;;;928;0,0435;15:28;
;;;;;;;;;;;;;;;;;;;;;929;0,047;15:29;
;;;;;;;;;;;;;;;;;;;;;930;0,0455;15:30;
;;;;;;;;;;;;;;;;;;;;;931;0,047;15:31;
;;;;;;;;;;;;;;;;;;;;;932;0,044;15:32;
;;;;;;;;;;;;;;;;;;;;;933;0,047;15:33;
;;;;;;;;;;;;;;;;;;;;;934;0,0465;15:34;
;;;;;;;;;;;;;;;;;;;;;935;0,0485;15:35;
;;;;;;;;;;;;;;;;;;;;;936;0,05;15:36;
;;;;;;;;;;;;;;;;;;;;;937;0,0465;15:37;
;;;;;;;;;;;;;;;;;;;;;938;0,043;15:38;
;;;;;;;;;;;;;;;;;;;;;939;0,043;15:39;
;;;;;;;;;;;;;;;;;;;;;940;0,0485;15:40;
;;;;;;;;;;;;;;;;;;;;;941;0,046;15:41;
;;;;;;;;;;;;;;;;;;;;;942;0,044;15:42;
;;;;;;;;;;;;;;;;;;;;;943;0,0495;15:43;
;;;;;;;;;;;;;;;;;;;;;944;0,045;15:44;
;;;;;;;;;;;;;;;;;;;;;945;0,0445;15:45;
;;;;;;;;;;;;;;;;;;;;;946;0,043;15:46;
;;;;;;;;;;;;;;;;;;;;;947;0,0475;15:47;
;;;;;;;;;;;;;;;;;;;;;948;0,045;15:48;
;;;;;;;;;;;;;;;;;;;;;949;0,0445;15:49;
;;;;;;;;;;;;;;;;;;;;;950;0,05;15:50;
;;;;;;;;;;;;;;;;;;;;;951;0,0445;15:51;
;;;;;;;;;;;;;;;;;;;;;952;0,0485;15:52;
;;;;;;;;;;;;;;;;;;;;;953;0,05;15:53;
;;;;;;;;;;;;;;;;;;;;;954;0,044;15:54;
;;;;;;;;;;;;;;;;;;;;;955;0,0445;15:55;
;;;;;;;;;;;;;;;;;;;;;956;0,0495;15:56;
;;;;;;;;;;;;;;;;;;;;;957;0,049;15:57;
;;;;;;;;;;;;;;;;;;;;;958;0,0455;15:58;
;;;;;;;;;;;;;;;;;;;;;959;0,0455;15:59;
;;;;;;;;;;;;;;;;;;;;;960;0,6975;16:00;холодос на 10 минут
;;;;;;;;;;;;;;;;;;;;;961;0,72;16:01;
;;;;;;;;;;;;;;;;;;;;;962;0,6675;16:02;
;;;;;;;;;;;;;;;;;;;;;963;0,6675;16:03;
;;;;;;;;;;;;;;;;;;;;;964;0,72;16:04;
;;;;;;;;;;;;;;;;;;;;;965;0,6975;16:05;
;;;;;;;;;;;;;;;;;;;;;966;0,7275;16:06;
;;;;;;;;;;;;;;;;;;;;;967;0,6825;16:07;
;;;;;;;;;;;;;;;;;;;;;968;0,6525;16:08;
;;;;;;;;;;;;;;;;;;;;;969;0,75;16:09;
;;;;;;;;;;;;;;;;;;;;;970;0,6675;16:10;холодос в идл режиме
;;;;;;;;;;;;;;;;;;;;;971;0,045;16:11;
;;;;;;;;;;;;;;;;;;;;;972;0,048;16:12;
;;;;;;;;;;;;;;;;;;;;;973;0,044;16:13;
;;;;;;;;;;;;;;;;;;;;;974;0,05;16:14;
;;;;;;;;;;;;;;;;;;;;;975;0,05;16:15;
;;;;;;;;;;;;;;;;;;;;;976;0,0495;16:16;
;;;;;;;;;;;;;;;;;;;;;977;0,048;16:17;
;;;;;;;;;;;;;;;;;;;;;978;0,043;16:18;
;;;;;;;;;;;;;;;;;;;;;979;0,046;16:19;
;;;;;;;;;;;;;;;;;;;;;980;0,0445;16:20;
;;;;;;;;;;;;;;;;;;;;;981;0,0465;16:21;
;;;;;;;;;;;;;;;;;;;;;982;0,0445;16:22;
;;;;;;;;;;;;;;;;;;;;;983;0,047;16:23;
;;;;;;;;;;;;;;;;;;;;;984;0,0475;16:24;
;;;;;;;;;;;;;;;;;;;;;985;0,05;16:25;
;;;;;;;;;;;;;;;;;;;;;986;0,0495;16:26;
;;;;;;;;;;;;;;;;;;;;;987;0,0445;16:27;
;;;;;;;;;;;;;;;;;;;;;988;0,05;16:28;
;;;;;;;;;;;;;;;;;;;;;989;0,044;16:29;
;;;;;;;;;;;;;;;;;;;;;990;0,05;16:30;
;;;;;;;;;;;;;;;;;;;;;991;0,044;16:31;
;;;;;;;;;;;;;;;;;;;;;992;0,0485;16:32;
;;;;;;;;;;;;;;;;;;;;;993;0,046;16:33;
;;;;;;;;;;;;;;;;;;;;;994;0,047;16:34;
;;;;;;;;;;;;;;;;;;;;;995;0,0475;16:35;
;;;;;;;;;;;;;;;;;;;;;996;0,049;16:36;
;;;;;;;;;;;;;;;;;;;;;997;0,05;16:37;
;;;;;;;;;;;;;;;;;;;;;998;0,0495;16:38;
;;;;;;;;;;;;;;;;;;;;;999;0,048;16:39;
;;;;;;;;;;;;;;;;;;;;;1000;0,0445;16:40;
;;;;;;;;;;;;;;;;;;;;;1001;0,046;16:41;
;;;;;;;;;;;;;;;;;;;;;1002;0,043;16:42;
;;;;;;;;;;;;;;;;;;;;;1003;0,046;16:43;
;;;;;;;;;;;;;;;;;;;;;1004;0,048;16:44;
;;;;;;;;;;;;;;;;;;;;;1005;0,0465;16:45;
;;;;;;;;;;;;;;;;;;;;;1006;0,048;16:46;
;;;;;;;;;;;;;;;;;;;;;1007;0,0465;16:47;
;;;;;;;;;;;;;;;;;;;;;1008;0,044;16:48;
;;;;;;;;;;;;;;;;;;;;;1009;0,049;16:49;
;;;;;;;;;;;;;;;;;;;;;1010;0,645;16:50;холодос на 10 минут
;;;;;;;;;;;;;;;;;;;;;1011;0,7425;16:51;
;;;;;;;;;;;;;;;;;;;;;1012;0,735;16:52;
;;;;;;;;;;;;;;;;;;;;;1013;0,6525;16:53;
;;;;;;;;;;;;;;;;;;;;;1014;0,7125;16:54;
;;;;;;;;;;;;;;;;;;;;;1015;0,7275;16:55;
;;;;;;;;;;;;;;;;;;;;;1016;0,7125;16:56;
;;;;;;;;;;;;;;;;;;;;;1017;0,6675;16:57;
;;;;;;;;;;;;;;;;;;;;;1018;0,6525;16:58;
;;;;;;;;;;;;;;;;;;;;;1019;0,675;16:59;
;;;;;;;;;;;;;;;;;;;;;1020;0,7275;17:00;холодос в идл режиме
;;;;;;;;;;;;;;;;;;;;;1021;0,0465;17:01;
;;;;;;;;;;;;;;;;;;;;;1022;0,05;17:02;
;;;;;;;;;;;;;;;;;;;;;1023;0,05;17:03;
;;;;;;;;;;;;;;;;;;;;;1024;0,046;17:04;
;;;;;;;;;;;;;;;;;;;;;1025;0,0435;17:05;
;;;;;;;;;;;;;;;;;;;;;1026;0,048;17:06;
;;;;;;;;;;;;;;;;;;;;;1027;0,046;17:07;
;;;;;;;;;;;;;;;;;;;;;1028;0,047;17:08;
;;;;;;;;;;;;;;;;;;;;;1029;0,05;17:09;
;;;;;;;;;;;;;;;;;;;;;1030;0,0475;17:10;
;;;;;;;;;;;;;;;;;;;;;1031;0,049;17:11;
;;;;;;;;;;;;;;;;;;;;;1032;0,0465;17:12;
;;;;;;;;;;;;;;;;;;;;;1033;0,049;17:13;
;;;;;;;;;;;;;;;;;;;;;1034;0,044;17:14;
;;;;;;;;;;;;;;;;;;;;;1035;0,046;17:15;
;;;;;;;;;;;;;;;;;;;;;1036;0,048;17:16;
;;;;;;;;;;;;;;;;;;;;;1037;0,044;17:17;
;;;;;;;;;;;;;;;;;;;;;1038;0,0495;17:18;
;;;;;;;;;;;;;;;;;;;;;1039;0,0495;17:19;
;;;;;;;;;;;;;;;;;;;;;1040;0,05;17:20;
;;;;;;;;;;;;;;;;;;;;;1041;0,048;17:21;
;;;;;;;;;;;;;;;;;;;;;1042;0,0475;17:22;
;;;;;;;;;;;;;;;;;;;;;1043;0,05;17:23;
;;;;;;;;;;;;;;;;;;;;;1044;0,0495;17:24;
;;;;;;;;;;;;;;;;;;;;;1045;0,048;17:25;
;;;;;;;;;;;;;;;;;;;;;1046;0,0435;17:26;
;;;;;;;;;;;;;;;;;;;;;1047;0,043;17:27;
;;;;;;;;;;;;;;;;;;;;;1048;0,045;17:28;
;;;;;;;;;;;;;;;;;;;;;1049;0,049;17:29;
;;;;;;;;;;;;;;;;;;;;;1050;0,05;17:30;
;;;;;;;;;;;;;;;;;;;;;1051;0,0465;17:31;
;;;;;;;;;;;;;;;;;;;;;1052;0,0485;17:32;
;;;;;;;;;;;;;;;;;;;;;1053;0,0475;17:33;
;;;;;;;;;;;;;;;;;;;;;1054;0,0495;17:34;
;;;;;;;;;;;;;;;;;;;;;1055;0,0445;17:35;
;;;;;;;;;;;;;;;;;;;;;1056;0,044;17:36;
;;;;;;;;;;;;;;;;;;;;;1057;0,05;17:37;
;;;;;;;;;;;;;;;;;;;;;1058;0,043;17:38;
;;;;;;;;;;;;;;;;;;;;;1059;0,0435;17:39;
;;;;;;;;;;;;;;;;;;;;;1060;0,7275;17:40;холодос на 10 минут
;;;;;;;;;;;;;;;;;;;;;1061;0,6525;17:41;
;;;;;;;;;;;;;;;;;;;;;1062;0,645;17:42;
;;;;;;;;;;;;;;;;;;;;;1063;0,72;17:43;
;;;;;;;;;;;;;;;;;;;;;1064;0,6525;17:44;
;;;;;;;;;;;;;;;;;;;;;1065;0,72;17:45;
;;;;;;;;;;;;;;;;;;;;;1066;0,645;17:46;
;;;;;;;;;;;;;;;;;;;;;1067;0,7425;17:47;
;;;;;;;;;;;;;;;;;;;;;1068;0,735;17:48;
;;;;;;;;;;;;;;;;;;;;;1069;0,7425;17:49;
;;;;;;;;;;;;;;;;;;;;;1070;0,72;17:50;холодос в идл режиме
;;;;;;;;;;;;;;;;;;;;;1071;0,0455;17:51;
;;;;;;;;;;;;;;;;;;;;;1072;0,0465;17:52;
;;;;;;;;;;;;;;;;;;;;;1073;0,0475;17:53;
;;;;;;;;;;;;;;;;;;;;;1074;0,045;17:54;
;;;;;;;;;;;;;;;;;;;;;1075;0,0495;17:55;
;;;;;;;;;;;;;;;;;;;;;1076;0,0485;17:56;
;;;;;;;;;;;;;;;;;;;;;1077;0,05;17:57;
;;;;;;;;;;;;;;;;;;;;;1078;0,048;17:58;
;;;;;;;;;;;;;;;;;;;;;1079;0,047;17:59;
;;;;;;;;;;;;;;;;;;;;;1080;0,308;18:00;возвращение домой, вкл телевизор до 21 +0,3
;;;;;;;;;;;;;;;;;;;;;1081;0,3255;18:01;
;;;;;;;;;;;;;;;;;;;;;1082;0,3325;18:02;
;;;;;;;;;;;;;;;;;;;;;1083;0,343;18:03;
;;;;;;;;;;;;;;;;;;;;;1084;0,308;18:04;
;;;;;;;;;;;;;;;;;;;;;1085;2,2795;18:05;чайник вкл 3
;;;;;;;;;;;;;;;;;;;;;1086;2,0915;18:06;
;;;;;;;;;;;;;;;;;;;;;1087;2,0445;18:07;
;;;;;;;;;;;;;;;;;;;;;1088;2,2325;18:08;
;;;;;;;;;;;;;;;;;;;;;1089;2,209;18:09;
;;;;;;;;;;;;;;;;;;;;;1090;2,0445;18:10;Чайник выкл 3
;;;;;;;;;;;;;;;;;;;;;1091;0,3255;18:11;
;;;;;;;;;;;;;;;;;;;;;1092;0,301;18:12;
;;;;;;;;;;;;;;;;;;;;;1093;0,343;18:13;
;;;;;;;;;;;;;;;;;;;;;1094;0,343;18:14;
;;;;;;;;;;;;;;;;;;;;;1095;0,3045;18:15;
;;;;;;;;;;;;;;;;;;;;;1096;0,35;18:16;
;;;;;;;;;;;;;;;;;;;;;1097;0,3465;18:17;
;;;;;;;;;;;;;;;;;;;;;1098;0,3255;18:18;
;;;;;;;;;;;;;;;;;;;;;1099;0,3185;18:19;
;;;;;;;;;;;;;;;;;;;;;1100;0,35;18:20;
;;;;;;;;;;;;;;;;;;;;;1101;0,3185;18:21;
;;;;;;;;;;;;;;;;;;;;;1102;0,3325;18:22;
;;;;;;;;;;;;;;;;;;;;;1103;0,3465;18:23;
;;;;;;;;;;;;;;;;;;;;;1104;0,343;18:24;
;;;;;;;;;;;;;;;;;;;;;1105;0,322;18:25;
;;;;;;;;;;;;;;;;;;;;;1106;0,3045;18:26;
;;;;;;;;;;;;;;;;;;;;;1107;0,336;18:27;
;;;;;;;;;;;;;;;;;;;;;1108;0,301;18:28;
;;;;;;;;;;;;;;;;;;;;;1109;0,3255;18:29;
;;;;;;;;;;;;;;;;;;;;;1110;0,9555;18:30;холодос на 10 минут
;;;;;;;;;;;;;;;;;;;;;1111;0,945;18:31;
;;;;;;;;;;;;;;;;;;;;;1112;1,008;18:32;
;;;;;;;;;;;;;;;;;;;;;1113;0,987;18:33;
;;;;;;;;;;;;;;;;;;;;;1114;0,9975;18:34;
;;;;;;;;;;;;;;;;;;;;;1115;1,0185;18:35;
;;;;;;;;;;;;;;;;;;;;;1116;0,9765;18:36;
;;;;;;;;;;;;;;;;;;;;;1117;0,924;18:37;
;;;;;;;;;;;;;;;;;;;;;1118;0,924;18:38;
;;;;;;;;;;;;;;;;;;;;;1119;0,924;18:39;
;;;;;;;;;;;;;;;;;;;;;1120;0,987;18:40;холодос в идл режиме
;;;;;;;;;;;;;;;;;;;;;1121;0,343;18:41;
;;;;;;;;;;;;;;;;;;;;;1122;0,336;18:42;
;;;;;;;;;;;;;;;;;;;;;1123;0,343;18:43;
;;;;;;;;;;;;;;;;;;;;;1124;0,3185;18:44;
;;;;;;;;;;;;;;;;;;;;;1125;0,36;18:45;стало темно, свет вкл до 22:30
;;;;;;;;;;;;;;;;;;;;;1126;0,356;18:46;
;;;;;;;;;;;;;;;;;;;;;1127;0,376;18:47;
;;;;;;;;;;;;;;;;;;;;;1128;0,352;18:48;
;;;;;;;;;;;;;;;;;;;;;1129;0,356;18:49;
;;;;;;;;;;;;;;;;;;;;;1130;0,396;18:50;
;;;;;;;;;;;;;;;;;;;;;1131;0,384;18:51;
;;;;;;;;;;;;;;;;;;;;;1132;0,372;18:52;
;;;;;;;;;;;;;;;;;;;;;1133;0,4;18:53;
;;;;;;;;;;;;;;;;;;;;;1134;0,392;18:54;
;;;;;;;;;;;;;;;;;;;;;1135;0,4;18:55;
;;;;;;;;;;;;;;;;;;;;;1136;0,348;18:56;
;;;;;;;;;;;;;;;;;;;;;1137;0,352;18:57;
;;;;;;;;;;;;;;;;;;;;;1138;0,364;18:58;
;;;;;;;;;;;;;;;;;;;;;1139;0,368;18:59;
;;;;;;;;;;;;;;;;;;;;;1140;4,752;19:00;Плита вкл 
;;;;;;;;;;;;;;;;;;;;;1141;5,13;19:01;
;;;;;;;;;;;;;;;;;;;;;1142;5,4;19:02;
;;;;;;;;;;;;;;;;;;;;;1143;5,13;19:03;
;;;;;;;;;;;;;;;;;;;;;1144;4,914;19:04;
;;;;;;;;;;;;;;;;;;;;;1145;5,13;19:05;
;;;;;;;;;;;;;;;;;;;;;1146;5,076;19:06;
;;;;;;;;;;;;;;;;;;;;;1147;6,21;19:07;Микроволновка вкл 
;;;;;;;;;;;;;;;;;;;;;1148;6,762;19:08;
;;;;;;;;;;;;;;;;;;;;;1149;6,555;19:09;
;;;;;;;;;;;;;;;;;;;;;1150;6,486;19:10;Плита выкл
;;;;;;;;;;;;;;;;;;;;;1151;5,934;19:11;
;;;;;;;;;;;;;;;;;;;;;1152;6,348;19:12;Микроволновка выкл
;;;;;;;;;;;;;;;;;;;;;1153;0,364;19:13;
;;;;;;;;;;;;;;;;;;;;;1154;0,36;19:14;
;;;;;;;;;;;;;;;;;;;;;1155;0,388;19:15;
;;;;;;;;;;;;;;;;;;;;;1156;0,392;19:16;
;;;;;;;;;;;;;;;;;;;;;1157;0,36;19:17;
;;;;;;;;;;;;;;;;;;;;;1158;0,368;19:18;
;;;;;;;;;;;;;;;;;;;;;1159;0,376;19:19;
;;;;;;;;;;;;;;;;;;;;;1160;1,023;19:20;холодос на 10 минут
;;;;;;;;;;;;;;;;;;;;;1161;1,1;19:21;
;;;;;;;;;;;;;;;;;;;;;1162;1,078;19:22;
;;;;;;;;;;;;;;;;;;;;;1163;0,946;19:23;
;;;;;;;;;;;;;;;;;;;;;1164;1,067;19:24;
;;;;;;;;;;;;;;;;;;;;;1165;1,089;19:25;
;;;;;;;;;;;;;;;;;;;;;1166;1,001;19:26;
;;;;;;;;;;;;;;;;;;;;;1167;0,979;19:27;
;;;;;;;;;;;;;;;;;;;;;1168;0,99;19:28;
;;;;;;;;;;;;;;;;;;;;;1169;1,1;19:29;
;;;;;;;;;;;;;;;;;;;;;1170;1,056;19:30;холодос в идл режиме
;;;;;;;;;;;;;;;;;;;;;1171;1,067;19:31;
;;;;;;;;;;;;;;;;;;;;;1172;0,946;19:32;
;;;;;;;;;;;;;;;;;;;;;1173;0,968;19:33;
;;;;;;;;;;;;;;;;;;;;;1174;0,968;19:34;
;;;;;;;;;;;;;;;;;;;;;1175;1,078;19:35;
;;;;;;;;;;;;;;;;;;;;;1176;1,1;19:36;
;;;;;;;;;;;;;;;;;;;;;1177;1,023;19:37;
;;;;;;;;;;;;;;;;;;;;;1178;0,99;19:38;
;;;;;;;;;;;;;;;;;;;;;1179;0,946;19:39;
;;;;;;;;;;;;;;;;;;;;;1180;0,957;19:40;
;;;;;;;;;;;;;;;;;;;;;1181;1,045;19:41;
;;;;;;;;;;;;;;;;;;;;;1182;0,99;19:42;
;;;;;;;;;;;;;;;;;;;;;1183;1,056;19:43;
;;;;;;;;;;;;;;;;;;;;;1184;1,1;19:44;
;;;;;;;;;;;;;;;;;;;;;1185;1,023;19:45;
;;;;;;;;;;;;;;;;;;;;;1186;0,979;19:46;
;;;;;;;;;;;;;;;;;;;;;1187;0,946;19:47;
;;;;;;;;;;;;;;;;;;;;;1188;0,946;19:48;
;;;;;;;;;;;;;;;;;;;;;1189;1,067;19:49;
;;;;;;;;;;;;;;;;;;;;;1190;0,946;19:50;
;;;;;;;;;;;;;;;;;;;;;1191;1,034;19:51;
;;;;;;;;;;;;;;;;;;;;;1192;1,034;19:52;
;;;;;;;;;;;;;;;;;;;;;1193;0,99;19:53;
;;;;;;;;;;;;;;;;;;;;;1194;1,001;19:54;
;;;;;;;;;;;;;;;;;;;;;1195;0,99;19:55;
;;;;;;;;;;;;;;;;;;;;;1196;1,034;19:56;
;;;;;;;;;;;;;;;;;;;;;1197;1,045;19:57;
;;;;;;;;;;;;;;;;;;;;;1198;1,1;19:58;
;;;;;;;;;;;;;;;;;;;;;1199;1,089;19:59;
;;;;;;;;;;;;;;;;;;;;;1200;0,957;20:00;
;;;;;;;;;;;;;;;;;;;;;1201;0,99;20:01;
;;;;;;;;;;;;;;;;;;;;;1202;0,968;20:02;
;;;;;;;;;;;;;;;;;;;;;1203;1,045;20:03;
;;;;;;;;;;;;;;;;;;;;;1204;0,968;20:04;
;;;;;;;;;;;;;;;;;;;;;1205;1,012;20:05;
;;;;;;;;;;;;;;;;;;;;;1206;1,056;20:06;
;;;;;;;;;;;;;;;;;;;;;1207;1,023;20:07;
;;;;;;;;;;;;;;;;;;;;;1208;1,023;20:08;
;;;;;;;;;;;;;;;;;;;;;1209;1,056;20:09;
;;;;;;;;;;;;;;;;;;;;;1210;1,1;20:10;холодос на 10 минут
;;;;;;;;;;;;;;;;;;;;;1211;1,012;20:11;
;;;;;;;;;;;;;;;;;;;;;1212;1,056;20:12;
;;;;;;;;;;;;;;;;;;;;;1213;0,979;20:13;
;;;;;;;;;;;;;;;;;;;;;1214;0,957;20:14;
;;;;;;;;;;;;;;;;;;;;;1215;1,056;20:15;
;;;;;;;;;;;;;;;;;;;;;1216;1,078;20:16;
;;;;;;;;;;;;;;;;;;;;;1217;0,979;20:17;
;;;;;;;;;;;;;;;;;;;;;1218;1,001;20:18;
;;;;;;;;;;;;;;;;;;;;;1219;1,089;20:19;
;;;;;;;;;;;;;;;;;;;;;1220;1,089;20:20;холодос в идл режиме
;;;;;;;;;;;;;;;;;;;;;1221;1,034;20:21;
;;;;;;;;;;;;;;;;;;;;;1222;1,1;20:22;
;;;;;;;;;;;;;;;;;;;;;1223;1,078;20:23;
;;;;;;;;;;;;;;;;;;;;;1224;1,078;20:24;
;;;;;;;;;;;;;;;;;;;;;1225;0,99;20:25;
;;;;;;;;;;;;;;;;;;;;;1226;0,979;20:26;
;;;;;;;;;;;;;;;;;;;;;1227;0,99;20:27;
;;;;;;;;;;;;;;;;;;;;;1228;0,946;20:28;
;;;;;;;;;;;;;;;;;;;;;1229;1,078;20:29;
;;;;;;;;;;;;;;;;;;;;;1230;2,976;20:30;чайник вкл 4
;;;;;;;;;;;;;;;;;;;;;1231;2,697;20:31;
;;;;;;;;;;;;;;;;;;;;;1232;2,759;20:32;
;;;;;;;;;;;;;;;;;;;;;1233;3,069;20:33;
;;;;;;;;;;;;;;;;;;;;;1234;3,1;20:34;
;;;;;;;;;;;;;;;;;;;;;1235;2,697;20:35;чайник выкл 4
;;;;;;;;;;;;;;;;;;;;;1236;1,034;20:36;
;;;;;;;;;;;;;;;;;;;;;1237;1,078;20:37;
;;;;;;;;;;;;;;;;;;;;;1238;0,968;20:38;
;;;;;;;;;;;;;;;;;;;;;1239;0,99;20:39;
;;;;;;;;;;;;;;;;;;;;;1240;1,045;20:40;
;;;;;;;;;;;;;;;;;;;;;1241;0,979;20:41;
;;;;;;;;;;;;;;;;;;;;;1242;0,99;20:42;
;;;;;;;;;;;;;;;;;;;;;1243;1,078;20:43;
;;;;;;;;;;;;;;;;;;;;;1244;0,957;20:44;
;;;;;;;;;;;;;;;;;;;;;1245;1,089;20:45;
;;;;;;;;;;;;;;;;;;;;;1246;0,957;20:46;
;;;;;;;;;;;;;;;;;;;;;1247;1,056;20:47;
;;;;;;;;;;;;;;;;;;;;;1248;0,979;20:48;
;;;;;;;;;;;;;;;;;;;;;1249;0,99;20:49;
;;;;;;;;;;;;;;;;;;;;;1250;1,001;20:50;
;;;;;;;;;;;;;;;;;;;;;1251;1,001;20:51;
;;;;;;;;;;;;;;;;;;;;;1252;1,1;20:52;
;;;;;;;;;;;;;;;;;;;;;1253;1,1;20:53;
;;;;;;;;;;;;;;;;;;;;;1254;0,957;20:54;
;;;;;;;;;;;;;;;;;;;;;1255;0,979;20:55;
;;;;;;;;;;;;;;;;;;;;;1256;0,979;20:56;
;;;;;;;;;;;;;;;;;;;;;1257;1,045;20:57;
;;;;;;;;;;;;;;;;;;;;;1258;1,001;20:58;
;;;;;;;;;;;;;;;;;;;;;1259;0,4;20:59;выкл телевизор
;;;;;;;;;;;;;;;;;;;;;1260;0,76;21:00;холодос на 10 минут
;;;;;;;;;;;;;;;;;;;;;1261;0,768;21:01;
;;;;;;;;;;;;;;;;;;;;;1262;0,776;21:02;
;;;;;;;;;;;;;;;;;;;;;1263;0,728;21:03;
;;;;;;;;;;;;;;;;;;;;;1264;0,72;21:04;
;;;;;;;;;;;;;;;;;;;;;1265;0,8;21:05;
;;;;;;;;;;;;;;;;;;;;;1266;0,728;21:06;
;;;;;;;;;;;;;;;;;;;;;1267;0,728;21:07;
;;;;;;;;;;;;;;;;;;;;;1268;0,72;21:08;
;;;;;;;;;;;;;;;;;;;;;1269;0,8;21:09;
;;;;;;;;;;;;;;;;;;;;;1270;0,696;21:10;холодос в идл режиме
;;;;;;;;;;;;;;;;;;;;;1271;0,087;21:11;
;;;;;;;;;;;;;;;;;;;;;1272;0,086;21:12;
;;;;;;;;;;;;;;;;;;;;;1273;0,093;21:13;
;;;;;;;;;;;;;;;;;;;;;1274;0,093;21:14;
;;;;;;;;;;;;;;;;;;;;;1275;0,099;21:15;
;;;;;;;;;;;;;;;;;;;;;1276;0,099;21:16;
;;;;;;;;;;;;;;;;;;;;;1277;0,089;21:17;
;;;;;;;;;;;;;;;;;;;;;1278;0,097;21:18;
;;;;;;;;;;;;;;;;;;;;;1279;0,094;21:19;
;;;;;;;;;;;;;;;;;;;;;1280;0,086;21:20;
;;;;;;;;;;;;;;;;;;;;;1281;0,1;21:21;
;;;;;;;;;;;;;;;;;;;;;1282;0,096;21:22;
;;;;;;;;;;;;;;;;;;;;;1283;0,086;21:23;
;;;;;;;;;;;;;;;;;;;;;1284;0,089;21:24;
;;;;;;;;;;;;;;;;;;;;;1285;0,097;21:25;
;;;;;;;;;;;;;;;;;;;;;1286;0,092;21:26;
;;;;;;;;;;;;;;;;;;;;;1287;0,099;21:27;
;;;;;;;;;;;;;;;;;;;;;1288;0,099;21:28;
;;;;;;;;;;;;;;;;;;;;;1289;0,089;21:29;
;;;;;;;;;;;;;;;;;;;;;1290;1,869;21:30;чайник вкл 5
;;;;;;;;;;;;;;;;;;;;;1291;1,848;21:31;
;;;;;;;;;;;;;;;;;;;;;1292;1,932;21:32;
;;;;;;;;;;;;;;;;;;;;;1293;1,974;21:33;
;;;;;;;;;;;;;;;;;;;;;1294;1,827;21:34;
;;;;;;;;;;;;;;;;;;;;;1295;1,848;21:35;чайник выкл 5
;;;;;;;;;;;;;;;;;;;;;1296;0,096;21:36;
;;;;;;;;;;;;;;;;;;;;;1297;0,088;21:37;
;;;;;;;;;;;;;;;;;;;;;1298;0,09;21:38;
;;;;;;;;;;;;;;;;;;;;;1299;0,099;21:39;
;;;;;;;;;;;;;;;;;;;;;1300;0,089;21:40;
;;;;;;;;;;;;;;;;;;;;;1301;0,094;21:41;
;;;;;;;;;;;;;;;;;;;;;1302;0,089;21:42;
;;;;;;;;;;;;;;;;;;;;;1303;0,096;21:43;
;;;;;;;;;;;;;;;;;;;;;1304;0,1;21:44;
;;;;;;;;;;;;;;;;;;;;;1305;0,098;21:45;
;;;;;;;;;;;;;;;;;;;;;1306;0,087;21:46;
;;;;;;;;;;;;;;;;;;;;;1307;0,097;21:47;
;;;;;;;;;;;;;;;;;;;;;1308;0,1;21:48;
;;;;;;;;;;;;;;;;;;;;;1309;0,097;21:49;
;;;;;;;;;;;;;;;;;;;;;1310;0,712;21:50;холодос на 10 минут
;;;;;;;;;;;;;;;;;;;;;1311;0,8;21:51;
;;;;;;;;;;;;;;;;;;;;;1312;0,784;21:52;
;;;;;;;;;;;;;;;;;;;;;1313;0,712;21:53;
;;;;;;;;;;;;;;;;;;;;;1314;0,792;21:54;
;;;;;;;;;;;;;;;;;;;;;1315;0,688;21:55;
;;;;;;;;;;;;;;;;;;;;;1316;0,688;21:56;
;;;;;;;;;;;;;;;;;;;;;1317;0,8;21:57;
;;;;;;;;;;;;;;;;;;;;;1318;0,72;21:58;
;;;;;;;;;;;;;;;;;;;;;1319;0,8;21:59;
;;;;;;;;;;;;;;;;;;;;;1320;0,752;22:00;холодос в идл режиме
;;;;;;;;;;;;;;;;;;;;;1321;0,096;22:01;
;;;;;;;;;;;;;;;;;;;;;1322;0,091;22:02;
;;;;;;;;;;;;;;;;;;;;;1323;0,099;22:03;
;;;;;;;;;;;;;;;;;;;;;1324;0,088;22:04;
;;;;;;;;;;;;;;;;;;;;;1325;0,096;22:05;
;;;;;;;;;;;;;;;;;;;;;1326;0,089;22:06;
;;;;;;;;;;;;;;;;;;;;;1327;0,089;22:07;
;;;;;;;;;;;;;;;;;;;;;1328;0,091;22:08;
;;;;;;;;;;;;;;;;;;;;;1329;0,096;22:09;
;;;;;;;;;;;;;;;;;;;;;1330;0,091;22:10;
;;;;;;;;;;;;;;;;;;;;;1331;0,09;22:11;
;;;;;;;;;;;;;;;;;;;;;1332;0,094;22:12;
;;;;;;;;;;;;;;;;;;;;;1333;0,099;22:13;
;;;;;;;;;;;;;;;;;;;;;1334;0,098;22:14;
;;;;;;;;;;;;;;;;;;;;;1335;0,1;22:15;
;;;;;;;;;;;;;;;;;;;;;1336;0,09;22:16;
;;;;;;;;;;;;;;;;;;;;;1337;0,091;22:17;
;;;;;;;;;;;;;;;;;;;;;1338;0,089;22:18;
;;;;;;;;;;;;;;;;;;;;;1339;0,088;22:19;
;;;;;;;;;;;;;;;;;;;;;1340;1,869;22:20;стиралка вкл 
;;;;;;;;;;;;;;;;;;;;;1341;2,1;22:21;
;;;;;;;;;;;;;;;;;;;;;1342;2,079;22:22;
;;;;;;;;;;;;;;;;;;;;;1343;1,911;22:23;
;;;;;;;;;;;;;;;;;;;;;1344;2,016;22:24;
;;;;;;;;;;;;;;;;;;;;;1345;1,869;22:25;
;;;;;;;;;;;;;;;;;;;;;1346;1,848;22:26;
;;;;;;;;;;;;;;;;;;;;;1347;1,869;22:27;
;;;;;;;;;;;;;;;;;;;;;1348;2,079;22:28;
;;;;;;;;;;;;;;;;;;;;;1349;1,974;22:29;
;;;;;;;;;;;;;;;;;;;;;1350;1,974;22:30;отход ко сну, свет выкл
;;;;;;;;;;;;;;;;;;;;;1351;1,8245;22:31;
;;;;;;;;;;;;;;;;;;;;;1352;1,9885;22:32;
;;;;;;;;;;;;;;;;;;;;;1353;1,886;22:33;
;;;;;;;;;;;;;;;;;;;;;1354;1,8245;22:34;
;;;;;;;;;;;;;;;;;;;;;1355;1,9065;22:35;
;;;;;;;;;;;;;;;;;;;;;1356;1,8245;22:36;
;;;;;;;;;;;;;;;;;;;;;1357;2,05;22:37;
;;;;;;;;;;;;;;;;;;;;;1358;1,8245;22:38;
;;;;;;;;;;;;;;;;;;;;;1359;1,804;22:39;
;;;;;;;;;;;;;;;;;;;;;1360;2,365;22:40;холодос на 10 минут
;;;;;;;;;;;;;;;;;;;;;1361;2,53;22:41;
;;;;;;;;;;;;;;;;;;;;;1362;2,4475;22:42;
;;;;;;;;;;;;;;;;;;;;;1363;2,3925;22:43;
;;;;;;;;;;;;;;;;;;;;;1364;2,365;22:44;
;;;;;;;;;;;;;;;;;;;;;1365;2,4475;22:45;
;;;;;;;;;;;;;;;;;;;;;1366;2,53;22:46;
;;;;;;;;;;;;;;;;;;;;;1367;2,75;22:47;
;;;;;;;;;;;;;;;;;;;;;1368;2,53;22:48;
;;;;;;;;;;;;;;;;;;;;;1369;2,6125;22:49;
;;;;;;;;;;;;;;;;;;;;;1370;2,75;22:50;холодос в идл режиме
;;;;;;;;;;;;;;;;;;;;;1371;2,0295;22:51;
;;;;;;;;;;;;;;;;;;;;;1372;1,886;22:52;
;;;;;;;;;;;;;;;;;;;;;1373;2,009;22:53;
;;;;;;;;;;;;;;;;;;;;;1374;1,9885;22:54;
;;;;;;;;;;;;;;;;;;;;;1375;1,763;22:55;
;;;;;;;;;;;;;;;;;;;;;1376;1,804;22:56;
;;;;;;;;;;;;;;;;;;;;;1377;1,7835;22:57;
;;;;;;;;;;;;;;;;;;;;;1378;1,8245;22:58;
;;;;;;;;;;;;;;;;;;;;;1379;1,7835;22:59;
;;;;;;;;;;;;;;;;;;;;;1380;1,8245;23:00;
;;;;;;;;;;;;;;;;;;;;;1381;1,9475;23:01;
;;;;;;;;;;;;;;;;;;;;;1382;2,0295;23:02;
;;;;;;;;;;;;;;;;;;;;;1383;2,0295;23:03;
;;;;;;;;;;;;;;;;;;;;;1384;1,845;23:04;
;;;;;;;;;;;;;;;;;;;;;1385;2,0295;23:05;
;;;;;;;;;;;;;;;;;;;;;1386;1,763;23:06;
;;;;;;;;;;;;;;;;;;;;;1387;1,8655;23:07;
;;;;;;;;;;;;;;;;;;;;;1388;1,968;23:08;
;;;;;;;;;;;;;;;;;;;;;1389;1,9065;23:09;
;;;;;;;;;;;;;;;;;;;;;1390;1,763;23:10;
;;;;;;;;;;;;;;;;;;;;;1391;1,927;23:11;
;;;;;;;;;;;;;;;;;;;;;1392;1,8245;23:12;
;;;;;;;;;;;;;;;;;;;;;1393;1,845;23:13;
;;;;;;;;;;;;;;;;;;;;;1394;2,0295;23:14;
;;;;;;;;;;;;;;;;;;;;;1395;2,009;23:15;
;;;;;;;;;;;;;;;;;;;;;1396;1,9065;23:16;
;;;;;;;;;;;;;;;;;;;;;1397;1,845;23:17;
;;;;;;;;;;;;;;;;;;;;;1398;1,9065;23:18;
;;;;;;;;;;;;;;;;;;;;;1399;2,05;23:19;
;;;;;;;;;;;;;;;;;;;;;1400;1,927;23:20;
;;;;;;;;;;;;;;;;;;;;;1401;1,9885;23:21;
;;;;;;;;;;;;;;;;;;;;;1402;1,886;23:22;
;;;;;;;;;;;;;;;;;;;;;1403;1,886;23:23;
;;;;;;;;;;;;;;;;;;;;;1404;2,05;23:24;
;;;;;;;;;;;;;;;;;;;;;1405;1,804;23:25;
;;;;;;;;;;;;;;;;;;;;;1406;1,9475;23:26;
;;;;;;;;;;;;;;;;;;;;;1407;1,927;23:27;
;;;;;;;;;;;;;;;;;;;;;1408;1,8245;23:28;
;;;;;;;;;;;;;;;;;;;;;1409;1,927;23:29;
;;;;;;;;;;;;;;;;;;;;;1410;2,75;23:30;холодос на 10 минут
;;;;;;;;;;;;;;;;;;;;;1411;2,42;23:31;
;;;;;;;;;;;;;;;;;;;;;1412;2,695;23:32;
;;;;;;;;;;;;;;;;;;;;;1413;2,585;23:33;
;;;;;;;;;;;;;;;;;;;;;1414;2,6125;23:34;
;;;;;;;;;;;;;;;;;;;;;1415;2,42;23:35;стиралка выкл
;;;;;;;;;;;;;;;;;;;;;1416;0,735;23:36;
;;;;;;;;;;;;;;;;;;;;;1417;0,72;23:37;
;;;;;;;;;;;;;;;;;;;;;1418;0,72;23:38;
;;;;;;;;;;;;;;;;;;;;;1419;0,6525;23:39;
;;;;;;;;;;;;;;;;;;;;;1420;0,7425;23:40;холодос в идл режиме
;;;;;;;;;;;;;;;;;;;;;1421;0,045;23:41;
;;;;;;;;;;;;;;;;;;;;;1422;0,0465;23:42;
;;;;;;;;;;;;;;;;;;;;;1423;0,0445;23:43;
;;;;;;;;;;;;;;;;;;;;;1424;0,049;23:44;
;;;;;;;;;;;;;;;;;;;;;1425;0,05;23:45;
;;;;;;;;;;;;;;;;;;;;;1426;0,0495;23:46;
;;;;;;;;;;;;;;;;;;;;;1427;0,0475;23:47;
;;;;;;;;;;;;;;;;;;;;;1428;0,043;23:48;
;;;;;;;;;;;;;;;;;;;;;1429;0,043;23:49;
;;;;;;;;;;;;;;;;;;;;;1430;0,049;23:50;
;;;;;;;;;;;;;;;;;;;;;1431;0,0455;23:51;
;;;;;;;;;;;;;;;;;;;;;1432;0,043;23:52;
;;;;;;;;;;;;;;;;;;;;;1433;0,048;23:53;
;;;;;;;;;;;;;;;;;;;;;1434;0,0485;23:54;
;;;;;;;;;;;;;;;;;;;;;1435;0,0495;23:55;
;;;;;;;;;;;;;;;;;;;;;1436;0,0485;23:56;
;;;;;;;;;;;;;;;;;;;;;1437;0,05;23:57;
;;;;;;;;;;;;;;;;;;;;;1438;0,0495;23:58;
;;;;;;;;;;;;;;;;;;;;;1439;0,047;23:59;
;;;;;;;;;;;;;;;;;;;;;1440;0,0485;0:00;